"type","id","name","eventid","score","filterVal","details"
"product",1312710,"Cholesterol (Plant-Derived) CAS NO.: 57-88-5",590,10000,"110000101100010010101000000000",""
"product",1294582,"Boc-Amino Acids",590,9999,"111010000100000000000100000000",""
"product",1291417,"mPEG-pALD",590,9998,"110000101100010010101000000000",""
"product",13498,"2-Bromoheptafluoropropane intermediates",590,9997,"100000000000000000000000001000",""
"product",1299817,"3-CYANO PYRIDINE",590,9996,"000000000000000000000000000000",""
"product",1284800,"5-Cyanophthalide | 82104-74-3 |",590,9995,"010000001000010000000000000000",""
"product",1306367,"7-Ethyl-10-hydroxycamptothecin",590,9994,"100100100010000000000000100100",""
"product",959977,"Acarbose",590,9993,"110011011010000000000000000100",""
"product",1261230,"Acotiamide Hydrochloride",590,9992,"111110001001000001000000010000",""
"product",1266188,"Active Pharmaceutical Ingredients",590,9991,"100100100101100000000000000001",""
"product",1291241,"ADBA",590,9990,"010000000000010000000000000000",""
"product",1161901,"Advanced Intermediates",590,9989,"100000010000000000000000000001",""
"product",1306676,"Advanced Therapy Medicinal Products CRO & CDMO Services",590,9988,"101100100001000010000100000010",""
"product",1313228,"Ampoules",590,9987,"100001000010101000010000000000",""
"product",1310737,"Anagrelide hydrochloride monohydrate",590,9986,"110100010101010010000000010001",""
"product",1288041,"Apalutamide",590,9985,"001000000000000000000000000000",""
"product",1297364,"Argatroban",590,9984,"010010001000000000000000000000",""
"product",20859,"Argireline Acetate",590,9983,"101110100000000000100100100000",""
"product",1266181,"Aseptic Blow-Fill-Seal packaging machine for the production of bottles - bp 321",590,9982,"000000000000101000000001000000",""
"product",1301541,"Atorvastatin Calcium",590,9981,"000000000000000000000000000000",""
"product",1314995,"Automatic Biopsy Needle ACECUT",590,9980,"000000000000101000010010000000",""
"product",1161942,"Benazepril Hydrochloridec",590,9979,"100100010001000000000000000000",""
"product",1299295,"Biologics",590,9978,"000000000000000000000000000000",""
"product",92741,"Bivalirudin",590,9977,"001000100000000000100100000000",""
"product",1293467,"Boc-His(Trt)-Aib-OH",590,9976,"001000000000000000000000000000",""
"product",1296772,"Brexpiprazole",590,9975,"001010000010000000000000000000",""
"product",1263120,"Candidate Selection - Integrated Programs",590,9974,"100100110000000000000000000010",""
"product",1294583,"Cbz-Amino Acids",590,9973,"111010000100000000000100000000",""
"product",1279154,"Cephalosporins APIs",590,9972,"001011000010000000000000000100",""
"product",1271911,"(Chloromethyl)cyclopropane",590,9971,"110000001010010100000000000000",""
"product",768065,"Clinical and Commercial supply services",590,9970,"100001110000000000101000000000",""
"product",1314827,"COEUS-WIFI",590,9969,"000000000010101000000000000100",""
"product",1299592,"Development & manufacture - drug delivery devices",590,9968,"100001000001001000010011000000",""
"product",1301237,"Drug-device combinations",590,9967,"100001100000000000000001000000",""
"product",1292875,"e-Syrpen®",590,9966,"000000000000001000010011000000",""
"product",1313783,"ECO LITE drums",590,9965,"000000000000001000000000000000",""
"product",975715,"GENERIC PEPTIDES",590,9964,"100110110100000010000000010001",""
"product",101964,"Glass reaction systems",590,9963,"000000000000100000000000000000",""
"product",1299318,"HPAPIs Circlear",590,9962,"110010000001000001001000000000",""
"product",1284663,"Isoamylene",590,9961,"110000000000010100000000000000",""
"product",1299338,"KANEKA KanCapA ( Protein A resin )",590,9960,"100000100000000000000000000000",""
"product",1299606,"Latest Product List",590,9959,"000000000000000000000000000000",""
"product",15644,"Liraglutide",590,9958,"111110010101000100000100000000",""
"product",1266233,"Manufacturing",590,9957,"110100100001000100001000000000",""
"product",1286190,"mPEG36-NH2",590,9956,"110000101100010010101000000000",""
"product",1299484,"NeoPeptides(TM)",590,9955,"110001000001001100010000001000",""
"product",1271557,"Oxalyl Chloride",590,9954,"010000000000000000000000000000",""
"product",1232704,"Pivaldehyde",590,9953,"110000011100110100000000001000",""
"product",182105,"Pre-filled syringe formulation",590,9952,"100000010000000000000000000000",""
"product",1311327,"(R)-((2R,5S)-5-(4-aminobenzyl)pyrrolidin-2-yl)(phenyl)methanol (CAS : 1295539-30-8)",590,9951,"010010000000000000000000000000",""
"product",797129,"(R,R)-iPr-DuPhos",590,9950,"110000000000000100000000001000",""
"product",1291331,"Semaglutide (GLP-1 Drug)",590,9949,"100101110000100000000000000000",""
"product",1277297,"Sibia - Reusable Pen injector",590,9948,"100000000000001010010010000000",""
"product",1306053,"Solutex Omega-3 fatty acids",590,9947,"001000000010100000000000100000",""
"product",1030744,"SPES PEN",590,9946,"000000000000000000000011000000",""
"product",1260252,"TDF/TAF Tenofovir disoproxil fumarate/Tenofovir Alafenamide Fumarate",590,9945,"111010000100000001000100100000",""
"product",1260992,"The Specialist Integrated CDMO",590,9944,"101101100000000000100000000011",""
"product",1257446,"Valsartan",590,9943,"110101000000000000000000000000",""
"product",1313098,"YpsoLoop",590,9942,"000001000000001000010011000000",""
"product",1311328,"1-iodo-4-nitrobenzene（CAS : 636-98-6）",590,9941,"010010000000000000000000000000",""
"product",13755,"1-PHENYL-3-METHYL-5-PYRAZOLONE",590,9940,"000000000000000000000000000000",""
"product",1271914,"2-Methyl-3-(trifluoromethyl)aniline",590,9939,"110000001010010100000000000000",""
"product",1232703,"5-Amino-4,6-dichloro-2-methylpyrimidine",590,9938,"110000011100110100000000001000",""
"product",1284803,"5-Nitroindazole",590,9937,"010000001000010000000000000000",""
"product",1261229,"Alogliptin Benzoate",590,9936,"111110001001000001000000010000",""
"product",1309899,"Analytical Services",590,9935,"110100010101010010000000010001",""
"product",1285808,"Aseptic Blow-Fill-Seal packaging machines for the production of ampoules",590,9934,"000000000000101000000001000000",""
"product",20870,"Atosiban Acetate",590,9933,"101110100000000000100100100000",""
"product",1231897,"Autoinjectors",590,9932,"000001000000001000010011000000",""
"product",1306675,"Biologics and Conjugates CDMO Services",590,9931,"101100100001000010000100000010",""
"product",1314083,"Birch Triterpenes",590,9930,"100100100010000000000000100100",""
"product",1314996,"Bone Marrow Biopsy Needle SURELOCK",590,9929,"000000000000101000010010000000",""
"product",1296771,"Cabazitaxel Acetonate",590,9928,"001010000010000000000000000000",""
"product",876474,"CDMO Services",590,9927,"100101110000100000000000000000",""
"product",1299293,"Cell & Gene Therapy",590,9926,"000000000000000000000000000000",""
"product",1279156,"Cephalosporins Finished Products",590,9925,"001011000010000000000000000100",""
"product",1301547,"Clarithromycin",590,9924,"000000000000000000000000000000",""
"product",1301238,"Complex injectables",590,9923,"100001100000000000000001000000",""
"product",1288369,"Dabigatran Etexilate Mesylate",590,9922,"001000000000000000000000000000",""
"product",1292874,"e-Simject®",590,9921,"000000000000001000010011000000",""
"product",1263121,"Early Stage Development - Integrated Programs",590,9920,"100100110000000000000000000010",""
"product",1291242,"EDC-HCL",590,9919,"010000000000010000000000000000",""
"product",1054413,"Esomeprazole Magnesium Trihydrate",590,9918,"110010000000010000001000011000",""
"product",1307037,"Eurogentec GMP BioManufacturing Services",590,9917,"100000100000000000000000000000",""
"product",101960,"Filter Reactor",590,9916,"000000000000100000000000000000",""
"product",1277299,"Flamecrest - Fixed Dose Pen Injector",590,9915,"100000000000001010010010000000",""
"product",1297367,"Flurbiprofen",590,9914,"010010001000000000000000000000",""
"product",1293397,"Fmoc-L-Arg(Pbf)-OH",590,9913,"001000000000000000000000000000",""
"product",1287846,"Fold Pack pails",590,9912,"000000000000001000000000000000",""
"product",1299590,"Formulation Development",590,9911,"100001000001001000010011000000",""
"product",1314828,"Fresh Tracker 10",590,9910,"000000000010101000000000000100",""
"product",1312170,"Generic API Product List",590,9909,"100010110110000001000000000000",""
"product",182121,"Glass ampoule formulation",590,9908,"100000010000000000000000000000",""
"product",1239767,"Icatibant",590,9907,"001000100000000000100100000000",""
"product",1261931,"Irbesartan",590,9906,"110101000000000000000000000000",""
"product",15581,"Leuprorelin Acetate",590,9905,"111110010101000100000100000000",""
"product",13499,"Methylpentafluoropropionate other active pharmaceutical ingredients",590,9904,"100000000000000000000000001000",""
"product",1304696,"N-Iodosuccinimide",590,9903,"011000000000010000000000000000",""
"product",486071,"Nitrofurantoin macrocrustals and monohydrate",590,9902,"110110001100000011000000000000",""
"product",1260251,"Olmesartan medoxomil",590,9901,"111010000100000001000100100000",""
"product",959980,"Orlistat",590,9900,"110011011010000000000000000100",""
"product",487839,"Oxaliplatin",590,9899,"110010000001000001001000000000",""
"product",1313229,"Pellets in Capsules",590,9898,"100001000010101000010000000000",""
"product",1284665,"Phosphorous Acid",590,9897,"110000000000010100000000000000",""
"product",1161940,"Pimobendan",590,9896,"100100010001000000000000000000",""
"product",975718,"PRODUCT LIST",590,9895,"100110110100000010000000010001",""
"product",1266232,"Research & Development",590,9894,"110100100001000100001000000000",""
"product",796999,"Ruthenium Catalyst",590,9893,"110000000000000100000000001000",""
"product",1310708,"Serialisation",590,9892,"110001000001001100010000001000",""
"product",1271558,"Sodium Trichloroacetate",590,9891,"010000000000000000000000000000",""
"product",19563,"Spray Drying",590,9890,"101101100000000000100000000011",""
"product",1257325,"Sterile suites capabilities",590,9889,"100001110000000000101000000000",""
"product",1306055,"Streptococcus thermophilus iHA318®",590,9888,"001000000010100000000000100000",""
"product",15188,"Treprostinil",590,9887,"011010000000000000000000000000",""
"product",1271912,"1-(Cyclopropylcarbonyl)piperazine",590,9886,"110000001010010100000000000000",""
"product",1284807,"3-Methoxy-4-methylbenzoic Acid",590,9885,"010000001000010000000000000000",""
"product",1232702,"4-Chloro-2,6-dimethyl-3-nitropyridine",590,9884,"110000011100110100000000001000",""
"product",1311329,"4-pentyn-1-ol （ CAS : 5390-04-5）",590,9883,"010010000000000000000000000000",""
"product",13761,"5-ACETOACETYLAMINO BENZIMIDAZOLONE (AABI)",590,9882,"000000000000000000000000000000",""
"product",1293641,"Amino Acid derivatives",590,9881,"111010000100000000000100000000",""
"product",1261231,"Antazoline Hydrochloride",590,9880,"111110001001000001000000010000",""
"product",781586,"API Services, Chemical Development & Manufacture",590,9879,"110001000001001100010000001000",""
"product",1301239,"Biologics",590,9878,"100001100000000000000001000000",""
"product",20862,"Bivalirudin Trifluoroacetate",590,9877,"101110100000000000100100100000",""
"product",15206,"Bivslirudin",590,9876,"111110010101000100000100000000",""
"product",1306364,"Cabozantinib",590,9875,"100100100010000000000000100100",""
"product",1257444,"Candesartan Cilexetil",590,9874,"110101000000000000000000000000",""
"product",487840,"Carboplatin",590,9873,"110010000001000001001000000000",""
"product",1027937,"CDMO Services - API",590,9872,"100101110000100000000000000000",""
"product",1309898,"Chemical Development",590,9871,"110100010101010010000000010001",""
"product",992901,"Clinical Supply Solutions",590,9870,"100100100000000000100000000010",""
"product",1301545,"Clopidogrel Bisulfate",590,9869,"000000000000000000000000000000",""
"product",483955,"Diazepam",590,9868,"110110001100000011000000000000",""
"product",1296770,"Eltrombopag Olamine",590,9867,"001010000010000000000000000000",""
"product",1054409,"Esomeprazole Magnesium Dihydrate",590,9866,"110010000000010000001000011000",""
"product",1299109,"ETHYL ISOTHIOCYNATE",590,9865,"010000000000010000000000000000",""
"product",958365,"Everything for Inhalation",590,9864,"101101100000000000100000000011",""
"product",1299291,"Fill & Finish",590,9863,"000000000000000000000000000000",""
"product",1279155,"Finished Products List(1)",590,9862,"001011000010000000000000000100",""
"product",1242111,"Fmoc-Ala-OH.H2O",590,9861,"111010000100000000000100000000",""
"product",1294581,"Fmoc-Amino Acids",590,9860,"111010000100000000000100000000",""
"product",1293468,"Fmoc-L-Lys(Boc)-OH",590,9859,"001000000000000000000000000000",""
"product",1266180,"high capacity aseptic filling - bp 460",590,9858,"000000000000101000000001000000",""
"product",1299591,"Integrated technology platform",590,9857,"100001000001001000010011000000",""
"product",15184,"Isomer Free Latanoprost",590,9856,"011010000000000000000000000000",""
"product",797110,"JosiPhos Palladacycle Gen. 3",590,9855,"110000000000000100000000001000",""
"product",1306056,"Lactobacillus helveticus UA881®",590,9854,"001000000010100000000000100000",""
"product",1263122,"Late Stage Development - Integrated Programs",590,9853,"100100110000000000000000000010",""
"product",92743,"Liraglutide",590,9852,"001000100000000000100100000000",""
"product",1277298,"Lophura - Disposable Pen Injector",590,9851,"100000000000001010010010000000",""
"product",1292873,"Multtipen®",590,9850,"000000000000001000010011000000",""
"product",1286178,"N3-PEG11-NH2",590,9849,"110000101100010010101000000000",""
"product",101954,"Nutsche Filter",590,9848,"000000000000100000000000000000",""
"product",1297366,"Olopatadine HCl",590,9847,"010010001000000000000000000000",""
"product",1257336,"Oral capabilities",590,9846,"100001110000000000101000000000",""
"product",1231896,"Pen injectors (prefilled and reusable)",590,9845,"000001000000001000010011000000",""
"product",1286180,"Pharmaceutical Intermediates",590,9844,"110000101100010010101000000000",""
"product",1283071,"Recycled Wide neck drums & Click Pack pails",590,9843,"000000000000001000000000000000",""
"product",1306673,"Small Molecules CDMO Services",590,9842,"101100100001000010000100000010",""
"product",1288371,"Sugammadex Sodium",590,9841,"001000000000000000000000000000",""
"product",959976,"Tigecycline",590,9840,"110011011010000000000000000100",""
"product",1271556,"Trichloroacetyl Chloride",590,9839,"010000000000000000000000000000",""
"product",1314997,"TSK SELECT™ NEEDLE",590,9838,"000000000000101000010010000000",""
"product",1161937,"Tulathromycin",590,9837,"100100010001000000000000000000",""
"product",182124,"Vial formulation(powder/liquid/lyophilized products)",590,9836,"100000010000000000000000000000",""
"product",1260250,"Z-Arg(Pmc)-OH.CHA   CAS:112160-33-5",590,9835,"111010000100000001000100100000",""
"product",517373," 2-chloropyrimidine",590,9834,"010000000000010000000000000000",""
"product",555670,"[(2,6- dimethylphenyl) aminocarbonylmethyl]-chloride [1311-01-7]",590,9833,"011001000000000000000000000000",""
"product",523035,"?-bromopropiophenone",590,9832,"110100001100110100000000000000",""
"product",1310933,"? - Pyrrolidone",590,9831,"110001010100100100001000000000",""
"product",587409,"1, 3 - CYCLOHEXANEDIONE",590,9830,"010000000000000000000000000000",""
"product",1290008,"1 4-butane sultone",590,9829,"111101011100000000000000000001",""
"product",75996,"1-(3-dimethylaminopropyl)-3-ethyl-carbodiimide",590,9828,"000000000000000000000000000000",""
"product",98908,"1-Amino-2-cyano-1-cyclopentene",590,9827,"110000000100100100000000000000",""
"product",1232630,"1-Ethynyl-1-cyclohexanol",590,9826,"110000011100110100000000001000",""
"product",187811,"(11rs)-11-[3-(dimethylamino)propyl}-6,11-dihydrodibenzo[b,e]oxepin-11-ol (doxepinol)",590,9825,"000000000000000000000000000000",""
"product",781587,"14C Radiolabelling",590,9824,"110001000001001100010000001000",""
"product",594383,"16-?-hydroxyprednisolone",590,9823,"101000000000000000000000000000",""
"product",67269,"17a -hydroxy progesterone acetate",590,9822,"111001000100101100000000000000",""
"product",22813,"(1R,2S,5S)-6,6-DIMETHYL-3-AZA-BICYCLO[3.1.0]HEXANE-2-CARBOXYLIC ACID METHYL ESTER HYDROCHL ORIDE",590,9821,"010000000000000000000000000000",""
"product",238311,"(1R,4S)-7-(hydroxymethyl)bicyclo[2.2.1] heptan-7-ol",590,9820,"110100000000100100000000000000",""
"product",1299545,"(1s, 2s, 3s, 5s)-3-(Benzyloxy)-5-(6-(Benzyloxy)-2",590,9819,"111000000001000000000000000000",""
"product",1252025,"2-(5-Amino-2-methylanilino)-4-(3-pyridyl)pyrimidine",590,9818,"110111001000010000000000110000",""
"product",78321,"2-amino-3-nitrophenol",590,9817,"010000000000000000000000000000",""
"product",700749,"(2-Amino-5-chlorophenyl)(pyridin-2-yl)methanone",590,9816,"110100010100000010001000010010",""
"product",1295531,"2-Amino-5-methyl-thiazole",590,9815,"010000001000010000000000000000",""
"product",1232632,"2-Chloro-4-iodo-5-methylpyridine",590,9814,"110000011100110100000000001000",""
"product",1292705,"2-Chlorophenol",590,9813,"010000000000000000000000000000",""
"product",87392,"2-Ethylaniline",590,9812,"011000000000000000000000000000",""
"product",1313685,"2-Thiopheneacetic acid, CAS#1918-77-0",590,9811,"110100001000000000000000000000",""
"product",1313452,"2-Thiopheneacetonitrile",590,9810,"110100001000000000000000000000",""
"product",464515,"3 cef novo 1.5 injection",590,9809,"000000000000000000000000000000",""
"product",1284808,"3-Nitrobenzaldehyde",590,9808,"010000001000010000000000000000",""
"product",998998,"(3r)-3-(2-Amino-2-Oxoethyl)-5-Methylhexanoic Acid",590,9807,"110100100001000000000000000000",""
"product",99849,"4-Bromofluorobenzene",590,9806,"110000001010000000000000000000",""
"product",997304,"(4-Carboxy Butyl)Triphenyl Phosphonium Bromide",590,9805,"010000000000000000000000000000",""
"product",144851,"(6-methyl-2-p-tolyl-imidazo [1,2-a]pyridine-3-yl) acetonitrile",590,9804,"110100001000000000000000000000",""
"product",579055,"7-ACT for Ceftriaxone",590,9803,"001000000000000000000000000000",""
"product",1312798,"ABIRATERONE",590,9802,"100001100000000000000000000000",""
"product",1267565,"Abiraterone acetate",590,9801,"100010000000000001000000000010",""
"product",1306115,"ACETAMINOPHEN 325 MG + DEXTROMETHORPHAN 10MG+ PHENYLEPHRINE HCl 5 MG SOFT GELATIN CAPSULES (NON-DROWSY DAY TIME COUGH AND COLD COMBINATION) SOFT GELATIN CAPSULES.",590,9800,"100001010000000000000000000000",""
"product",13758,"ACETOACET ANILIDE",590,9799,"000000000000000000000000000000",""
"product",14321,"acetoacet-m-xylidide",590,9798,"000000000000000000000000000000",""
"product",1032043,"Act as an in-country caretaker of DMF",590,9797,"000010100000000001000000000000",""
"product",1299141,"ADC development",590,9796,"100100010000000000000000000000",""
"product",1038083,"ADCs Manufacturing services",590,9795,"100001110000000000101000000000",""
"product",1299392,"Aircomb 5/10 mg(desloratadine/montelukast sodium) film tablet",590,9794,"100001010010000000000010000000",""
"product",1297916,"Albendazole",590,9793,"000000000010000000000000000100",""
"product",23642,"Alprazolam",590,9792,"101100000000000000001000000000",""
"product",538083,"American Type Culture Collection (ATCC)",590,9791,"000000000000000000000000000000",""
"product",86869,"Amlexanox",590,9790,"001000000010000000000000000000",""
"product",1235671,"Amobarbital Sodium",590,9789,"110100001000110010000000010000",""
"product",781591,"Analytical Services",590,9788,"110001000001001100010000001000",""
"product",1261256,"Antazoline Phosphate",590,9787,"111110001001000001000000010000",""
"product",1299120,"Apalutamide",590,9786,"011011001010000001000000000100",""
"product",1312408,"API",590,9785,"100010110110000001000000000000",""
"product",1261103,"API PORTFOLIO",590,9784,"101101100000000000100000000011",""
"product",576859,"Apixaban",590,9783,"011000001000000000000000000000",""
"product",1279558,"Apixaban",590,9782,"110110001100000011000000000000",""
"product",1161950,"Aprepitant",590,9781,"100100010001000000000000000000",""
"product",1030747,"ASCPO NEEDLE",590,9780,"000000000000000000000011000000",""
"product",1304573,"Asia's First Live audit report Library",590,9779,"100000000000000000000001000000",""
"product",1296731,"Astaxanthin",590,9778,"100100010000100010000000000000",""
"product",23968,"Azacitidine",590,9777,"100110100000000001000000000000",""
"product",1261258,"Azilsartan Medoxomil Potassium",590,9776,"111110001001000001000000010000",""
"product",1254085,"Baloxavir Marboxil",590,9775,"010001000010000000000000000100",""
"product",487843,"Bendamustine hydrochloride monohydrate",590,9774,"110010000001000001001000000000",""
"product",15185,"Bimatoprost",590,9773,"011010000000000000000000000000",""
"product",1081792,"Biobased Wide neck drums & Packo jars",590,9772,"000000000000001000000000000000",""
"product",1247104,"Bis (pinacolato) diboron",590,9771,"110000001100010010000000000001",""
"product",1306736,"Bloomcolla™ Recombinant Human Collagen III (""COL3-MD"") (Medical Device Grade)",590,9770,"001010100000000000000000100000",""
"product",1266299,"Bromazepam",590,9769,"110110001100000011000000000000",""
"product",1056557,"BROMINE DERIVATIVES, PHASE TRANSFER CATALYSTS, Intermediates, Lithium Compounds",590,9768,"010000000000000000000000000000",""
"product",503380,"Budesonide Oral & Respiratory grades",590,9767,"110010000000010000001000011000",""
"product",20871,"Buserelin Acetate",590,9766,"101110100000000000100100100000",""
"product",1287630,"Cabozantinib S-Maleate",590,9765,"001001000010000000000000000000",""
"product",20872,"Carbetocin Acetate",590,9764,"101110100000000000100100100000",""
"product",1291443,"Cariprazine Cap.",590,9763,"000001000010000000000000000000",""
"product",1027935,"CDMO Services - FDF drugs",590,9762,"100101110000100000000000000000",""
"product",1302118,"CERVIRON ovules",590,9761,"100000010010000000000000000000",""
"product",566195,"cGMP API Manufacture",590,9760,"100000000000000000000000000000",""
"product",510891,"Chenodeoxycholic Acid or Chenodiol",590,9759,"111011010000010001000000100000",""
"product",487841,"Cisplatin",590,9758,"110010000001000001001000000000",""
"product",1314849,"CliniPilot",590,9757,"000001000000001000010011000000",""
"product",986040,"Cmc R & D Of Pharmaceuticals",590,9756,"100101000000000000001000000011",""
"product",101939,"Concentration",590,9755,"000000000000100000000000000000",""
"product",1280014,"Consultation to enter Japanese Pharma and Medtech industry",590,9754,"000000000000001000010011000000",""
"product",985890,"Contract Manufacturing Dosage Forms Service",590,9753,"100001010000000000000001000000",""
"product",1271913,"(Cyclopropylmethyl)piperazine",590,9752,"110000001010010100000000000000",""
"product",1306365,"Cytisine",590,9751,"100100100010000000000000100100",""
"product",1161951,"Dapagliflozin",590,9750,"100100010001000000000000000000",""
"product",539481,"Dapsone",590,9749,"100000100001000000000000001000",""
"product",1306054,"Deltatonin®  Longan Flower Extract",590,9748,"001000000010100000000000100000",""
"product",15252,"Desmopressin Acetate",590,9747,"111110010101000100000100000000",""
"product",60878,"Development, Import & Sales",590,9746,"000000000000000000000000000000",""
"product",1271910,"Diphenyacetic Acid",590,9745,"110000001010010100000000000000",""
"product",1260290,"Drug Product",590,9744,"100001000001001000010011000000",""
"product",992900,"Drug Product Services",590,9743,"100100100000000000100000000010",""
"product",1260288,"Drug Substance",590,9742,"100001000001001000010011000000",""
"product",1266376,"Drug Substance",590,9741,"100100110000000000000000000010",""
"product",1290896,"Drug Substance Services for Complex Small Molecules",590,9740,"100100100000000000100000000010",""
"product",1299263,"Eletriptan (20mg / 40mg)",590,9739,"100011110010000000000000000100",""
"product",600095,"Emei ning",590,9738,"000001000000000000000000000000",""
"product",1008035,"Enzalutamide",590,9737,"101111010100100000000000000000",""
"product",21777,"Eribulin intermediates",590,9736,"010000000000000000000000000000",""
"product",1306058,"ESSENPRUNE®  Fermented Prunus domestica",590,9735,"001000000010100000000000100000",""
"product",21805,"Exatecan mesylate intermediates",590,9734,"010000000000000000000000000000",""
"product",1301543,"Ezetimibe",590,9733,"000000000000000000000000000000",""
"product",1301546,"Fexofenadine HCl",590,9732,"000000000000000000000000000000",""
"product",1309897,"Fine Chemicals Manufacturing",590,9731,"110100010101010010000000010001",""
"product",1279157,"Finished Products List(2)",590,9730,"001011000010000000000000000100",""
"product",1288373,"Firocoxib",590,9729,"001000000000000000000000000000",""
"product",1288380,"Fluralaner",590,9728,"001000000000000000000000000000",""
"product",1293466,"Fmoc-L-Phe-OH",590,9727,"001000000000000000000000000000",""
"product",1293465,"Fmoc-L-Trp(Boc)-OH",590,9726,"001000000000000000000000000000",""
"product",1257471,"Formulation Development",590,9725,"100100110000000000000000000010",""
"product",1277301,"Fulvetta - Reusable Pen Injector",590,9724,"100000000000001010010010000000",""
"product",483956,"Furosemide",590,9723,"110110001100000011000000000000",""
"product",1279153,"General APIs",590,9722,"001011000010000000000000000100",""
"product",1027934,"Genovior Products - API",590,9721,"100101110000100000000000000000",""
"product",1290965,"Glargine",590,9720,"100000100000100000100000000000",""
"product",956007,"Glycine",590,9719,"111100010000000100000000000001",""
"product",1309900,"GMP API Manufacturing",590,9718,"110100010101010010000000010001",""
"product",465242,"<Kei> Gomiren Alice Tang extract",590,9717,"000000000000000000000000000000",""
"product",1260248,"Hydrocortisone base/acetate",590,9716,"111010000100000001000100100000",""
"product",101953,"Industrial Evaporation",590,9715,"000000000000100000000000000000",""
"product",1304693,"Iodine",590,9714,"011000000000010000000000000000",""
"product",959972,"Isepamicin Sulfate",590,9713,"110011011010000000000000000100",""
"product",1029927,"Latanoprostene Bunod",590,9712,"011010000000000000000000000000",""
"product",1005360,"Linaglipton",590,9711,"100010000000000001000000000001",""
"product",1261475,"Liquid Contract Manufacturing - solutions, suspensions, and nasal sprays",590,9710,"000001000001001000000000000010",""
"product",1299249,"Lithium Iodide, Lithium Bromide , Lithium Chloride , Lithium Salts",590,9709,"111000001101000100000000000000",""
"product",959973,"Meropenem",590,9708,"110011011010000000000000000100",""
"product",468981,"Microcrystalline cellulose CEOLUS™ KG",590,9707,"100000000000100000000000000000",""
"product",187606,"Nbutyl lithium",590,9706,"111010001110110001000000000000",""
"product",1296633,"NEOANTIGEN PEPTIDES",590,9705,"100110110100000010000000010001",""
"product",22251,"Nestable drums",590,9704,"000000000000001000000000000000",""
"product",797109,"Ni(o-tol)(PAd2-DalPhos)Cl, MorDalPhos and MorDalPhos Pd G6 Br",590,9703,"110000000000000100000000001000",""
"product",92742,"Octreotide",590,9702,"001000100000000000100100000000",""
"product",1261104,"OFF-PATENT APIs",590,9701,"101101100000000000100000000011",""
"product",1161375,"Oligonucleotides",590,9700,"110000100001100100001000010000",""
"product",1257443,"Olmesartan Medoxomil",590,9699,"110101000000000000000000000000",""
"product",1297629,"Orforglipron (LY3502970)",590,9698,"100000000000000000000000000000",""
"product",1266186,"packaging of pharmaceuticals and cosmetics",590,9697,"000000000000101000000001000000",""
"product",1296778,"Pemafibrate",590,9696,"001010000010000000000000000000",""
"product",99511,"Pentosan Polysulfate Sodium (PPS)",590,9695,"001001000000000000000000000000",""
"product",1297368,"Phosphoramidites",590,9694,"010010001000000000000000000000",""
"product",1297365,"Pitavastatin Ca",590,9693,"010010001000000000000000000000",""
"product",1260249,"Pregabalin",590,9692,"111010000100000001000100100000",""
"product",1286254,"Propyl Gallate",590,9691,"110010000000010000001000011000",""
"product",768067,"Quality control laboratories services",590,9690,"100001110000000000101000000000",""
"product",1306366,"Resmetirom",590,9689,"100100100010000000000000100100",""
"product",1233912,"Rilpvirine Hydrochloride",590,9688,"110010000000010000001000011000",""
"product",1277302,"Rosefinch - Autoinjector",590,9687,"100000000000001010010010000000",""
"product",797107,"RuCl[(R,R)-Tsdpen](p-cymene)",590,9686,"110000000000000100000000001000",""
"product",599337,"(S)-Ketamine hydrochloride",590,9685,"101110000000000000000000100000",""
"product",62078,"(s,s,s)-2-azabicycl[3,3,0]- octane-3-carboxylic acid benzylester hydrochlorde",590,9684,"100100000000000000000000100000",""
"product",1257437,"Sacubitril / Valsartan",590,9683,"110101000000000000000000000000",""
"product",1292872,"Simject®",590,9682,"000000000000001000010011000000",""
"product",1299294,"Small Molecules",590,9681,"000000000000000000000000000000",""
"product",1004636,"Small & large molecule Discovery & Development",590,9680,"100100110000000010100000000010",""
"product",1292876,"Syrpen®",590,9679,"000000000000001000010011000000",""
"product",1296769,"Tafamidis",590,9678,"001010000010000000000000000000",""
"product",1284678,"Tert-amyl Alcohol",590,9677,"110000000000010100000000000000",""
"product",1306674,"Tides CDMO Services",590,9676,"101100100001000010000100000010",""
"product",1299110,"TRANS -4 AMINOCYCLOHEXANOL",590,9675,"010000000000010000000000000000",""
"product",15186,"Travoprost (Isomer Free)",590,9674,"011010000000000000000000000000",""
"product",15205,"Triptorelin Acetate",590,9673,"111110010101000100000100000000",""
"product",1314998,"TSK Syringe",590,9672,"000000000000101000010010000000",""
"product",1314026,"Vitamins",590,9671,"110000001110010100000000000000",""
"product",1288368,"Vonoprazan fumarate",590,9670,"100100100000000000000000000000",""
"product",1299292,"xRNA",590,9669,"000000000000000000000000000000",""
"product",1307013,"YpsoFlow",590,9668,"000001000000001000010011000000",""
"product",1310763,"ZCL Product LIst",590,9667,"100100100000000000000000000000",""
"product",1305574,"Zihua Embrocation 12ml",590,9666,"000001000010100000000000000000",""
"product",1284765,"Zinc Sulfide (REACH available)",590,9665,"110000000000010100000000000000",""
"product",517702," 4-cyanobenzoic acid",590,9664,"010000000000010000000000000000",""
"product",1310932,"?-(2-(4-chlorophenyl)ethyl-?-(1,1-dimethylethyl)oxirane",590,9663,"110001010100100100001000000000",""
"product",523082,"?-diphenyl-benzenebutanamide",590,9662,"110100001100110100000000000000",""
"product",587413,"1, 4 - CYCLOHEXANEDIOL",590,9661,"010000000000000000000000000000",""
"product",144847,"1-(3,4-dichlorobenzyl)-3-(2-phenoxyethyl)-2-iminobenzimidazole",590,9660,"110100001000000000000000000000",""
"product",997291,"1-Bromo-2-Iodobenzene",590,9659,"010000000000000000000000000000",""
"product",1299252,"1-Bromo-2-Methylpropane",590,9658,"111000001101000100000000000000",""
"product",555675,"[1-hydroxy-2-(3-pyridinyl) ethylidene]-biphosphonic acid [105462-24-6]",590,9657,"011001000000000000000000000000",""
"product",62068,"1-hydroxy-benzontriazole",590,9656,"100100000000000000000000100000",""
"product",75949,"1-phenyl-2-mercaptobenzimidazole",590,9655,"000000000000000000000000000000",""
"product",1290014,"1-Phenyl-5-pyridin-2-ylpyridin-2-one",590,9654,"111101011100000000000000000001",""
"product",21797,"(1R,2S)-2-fluorocyclopropanecarboxylic acid",590,9653,"010000000000000000000000000000",""
"product",187800,"(1rs)-1-phenyl-1-(pyridine-2-yl)ethanol",590,9652,"000000000000000000000000000000",""
"product",87387,"2,4-Dimethyl-Nitrobenzene",590,9651,"011000000000000000000000000000",""
"product",238511,"(2-(chloromethoxy)ethyl)trimethylsilane",590,9650,"110100000000100100000000000000",""
"product",78344,"2-amino-4-chloro-5-nitro phenol",590,9649,"010000000000000000000000000000",""
"product",67201,"2-hydroxy propiophenone99%min",590,9648,"111001000100101100000000000000",""
"product",98924,"2-Phenylbutyric acid",590,9647,"110000000100100100000000000000",""
"product",700662,"(2R,6R)-2,6-diphenyl-2,3,5,6-tetrahydro-1H-imidazo[1,2-a]imidazole",590,9646,"110100010100000010001000010010",""
"product",1299544,"(2r-Cis)-5-(4-Amino-1,2-Dihydro-2-Oxo-1-Pyrimidinyl)-1,3-Oxathiolane-2",590,9645,"111000000001000000000000000000",""
"product",464516,"3 cef novo 375 injection",590,9644,"000000000000000000000000000000",""
"product",99854,"4-Fluorophenol",590,9643,"110000001010000000000000000000",""
"product",579053,"7-AMC for Cefroxadine",590,9642,"001000000000000000000000000000",""
"product",1252036,"8-Bromo-7-(2-butyn-1-yl)-3,7-dihydro-3-methyl-1H-purine-2,6-dione",590,9641,"110111001000010000000000110000",""
"product",568667,"Abacavir Sulfate",590,9640,"100001100000000000000000000000",""
"product",874029,"Abiraterone Acetate ",590,9639,"101111010100100000000000000000",""
"product",1031659,"Abiraterone Actetae",590,9638,"101000000000000000000000000000",""
"product",1306116,"ACETAMINOPHEN 325 MG + DEXTROMETHORPHAN 15 MG+ DOXYLAMINE SUCCINATE 6.25 MG SOFT GELATIN CAPSULES (DROWSINESS CAUSING NIGHT TIME COUGH AND COLD COMBINATION) SOFT GELATIN CAPSULES.",590,9637,"100001010000000000000000000000",""
"product",1292703,"Acetic anhydride",590,9636,"010000000000000000000000000000",""
"product",1313658,"Acetyl Pyridines",590,9635,"110000001110010100000000000000",""
"product",1299140,"ADC manufacturing",590,9634,"100100010000000000000000000000",""
"product",1299391,"Airfix film tablet and airfix chewable(montelukast sodium) tablet",590,9633,"100001010010000000000010000000",""
"product",1161376,"Amidite monomers",590,9632,"110000100001100100001000010000",""
"product",1312287,"Amino acids EP11/pharma grade",590,9631,"110100001000000000000000000000",""
"product",534922,"Analytical and Regulatory Services",590,9630,"100010000000000001000000000010",""
"product",538085,"APIs and intermediates",590,9629,"000000000000000000000000000000",""
"product",1297918,"Atorvastatin calcium",590,9628,"000000000010000000000000000100",""
"product",23645,"Azathioprine",590,9627,"101100000000000000001000000000",""
"product",576848,"Azilsartan medoxomil",590,9626,"011000001000000000000000000000",""
"product",553411,"Azithromycin",590,9625,"000000000000000000000000000000",""
"product",1235673,"Barbital",590,9624,"110100001000110010000000010000",""
"product",992906,"Bioanalytical CRO Services",590,9623,"100100100000000000100000000010",""
"product",599342,"Bisoprolol fumarate",590,9622,"101110000000000000000000100000",""
"product",1306734,"Bloomecto™ Ectoine (Pharmaceutical Grade)",590,9621,"001010100000000000000000100000",""
"product",510892,"Chenodeoxycholic Acid Sodium Salt",590,9620,"111011010000010001000000100000",""
"product",987535,"Choline Fenofibrate",590,9619,"100100100101100000000000000001",""
"product",86865,"Clarithromycin lactobionate",590,9618,"001000000010000000000000000000",""
"product",985891,"Contract Manufacturing Package Services",590,9617,"100001010000000000000001000000",""
"product",972250,"Dimethyl Fumarate",590,9616,"100110100000000001000000000000",""
"product",566197,"Discovery Chemistry",590,9615,"100000000000000000000000000000",""
"product",1307617,"Doxercalciferol",590,9614,"100000100001000000000000001000",""
"product",1291442,"Enzalutamide Tab.",590,9613,"000001000010000000000000000000",""
"product",1302356,"Etomidate",590,9612,"001001000010000000000000000000",""
"product",474207,"F-melt®",590,9611,"100100010000100010000000000000",""
"product",1280064,"Felice Dose",590,9610,"000000000000000000000011000000",""
"product",1299262,"Felopidine Tablet (2.5mg / 5mg / 10mg)",590,9609,"100011110010000000000000000100",""
"product",600110,"Fondi (sulfate injection cefoselis)",590,9608,"000001000000000000000000000000",""
"product",1304574,"GMP audits",590,9607,"100000000000000000000001000000",""
"product",60880,"GMP Warehouse",590,9606,"000000000000000000000000000000",""
"product",1302119,"HALOVA ovules",590,9605,"100000010010000000000000000000",""
"product",1280015,"High quality rapid tool manufacturing",590,9604,"000000000000001000010011000000",""
"product",1032038,"Import & sale of APIs & intermediates",590,9603,"000010100000000001000000000000",""
"product",1004637,"Integrated Drug Substance-Drug Product development",590,9602,"100100110000000010100000000010",""
"product",465239,"<Old> Kinikawamogusayu extract",590,9601,"000000000000000000000000000000",""
"product",101205,"Melatonin",590,9600,"001001000000000000000000000000",""
"product",1299119,"Micafungin / Necleus",590,9599,"011011001010000001000000000100",""
"product",468993,"Microcrystalline cellulose CEOLUS™ UF",590,9598,"100000000000100000000000000000",""
"product",1288383,"NUCLEOSIDE",590,9597,"100100100000000000000000000000",""
"product",1290964,"Pegfilgrastim",590,9596,"100000100000100000100000000000",""
"product",1254084,"Pregabalin",590,9595,"010001000010000000000000000100",""
"product",1161902,"Process Development",590,9594,"100000010000000000000000000001",""
"product",956025,"Protamine sulfate",590,9593,"111100010000000100000000000001",""
"product",1247105,"(R)-(+)-2-Methyl-2-propanesulfinamide",590,9592,"110000001100010010000000000001",""
"product",998988,"(S)-Methyl 2-(N-((2'-Cyanobiphenyl-4-Yl)Methyl) Pentanamido) -3-Methylbutanoate",590,9591,"110100100001000000000000000000",""
"product",1261474,"Semi-Solid Contract Manufacturing - Creams, ointments, gels, paste",590,9590,"000001000001001000000000000010",""
"product",187605,"sodium triacetoxyborohydride (STAB)",590,9589,"111010001110110001000000000000",""
"product",1005359,"Solifenacin Succinate",590,9588,"100010000000000001000000000001",""
"product",543616,"(-) taddol",590,9587,"110100001100110100000000000000",""
"product",517082,"(-) trans-4r-(4-fluorophenyl)-3s- hydroxymethyl-1-methyl piperidine",590,9586,"010000000000010000000000000000",""
"product",76013,"1,1-cyclopropanedicarboxylic acid",590,9585,"000000000000000000000000000000",""
"product",555657,"[1,1'-biphenyl]-2-carbonitrile-4-[(2-butyl-4-oxo-1,3-diazaspiro [4.4]-non- 1-en-3-yl)- methyl]",590,9584,"011001000000000000000000000000",""
"product",999007,"1-(3-Carboxypyridyl)-2-Phenyl-4-Methylpiperazine",590,9583,"110100100001000000000000000000",""
"product",997292,"1-Bromo-3-Chloro-4-Iodobenzene",590,9582,"010000000000000000000000000000",""
"product",1299251,"1-Bromo-3-Methylbutane",590,9581,"111000001101000100000000000000",""
"product",144817,"1-ethyl-1,2,3,4-tetrazole",590,9580,"110100001000000000000000000000",""
"product",21798,"(1R,2S)-fluorocyclopropanamine",590,9579,"010000000000000000000000000000",""
"product",67191,"2,3-dichloro benzaldehyde 99%min",590,9578,"111001000100101100000000000000",""
"product",587416,"2, 4 - THIAZOLIDINEDIONE",590,9577,"010000000000000000000000000000",""
"product",87383,"2,4-Xylidine",590,9576,"011000000000000000000000000000",""
"product",1290021,"2-(4-Bromophenyl)-2-methylpropionic acid",590,9575,"111101011100000000000000000001",""
"product",78342,"2-amino-5-nitrophenol",590,9574,"010000000000000000000000000000",""
"product",187940,"(2-amino-5-nitrophenyl)phenylmethanone.",590,9573,"000000000000000000000000000000",""
"product",62081,"2-bromo-6-methoxy- naphathaline",590,9572,"100100000000000000000000100000",""
"product",238293,"(2-chloro-5-(trifluoromethyl)phenyl)methanol",590,9571,"110100000000100100000000000000",""
"product",98923,"2-Phenylbutyryl chloride",590,9570,"110000000100100100000000000000",""
"product",700725,"(2R)-2-Piperidine Methanamine",590,9569,"110100010100000010001000010010",""
"product",1299543,"(2r,5r)-5-(4-Amino-5-Fluoro-2-Oxo-2h-Pyrimidin)-1-Yl-[1,3]-Oxathiolane",590,9568,"111000000001000000000000000000",""
"product",464517,"3 cef novo 750 injection",590,9567,"000000000000000000000000000000",""
"product",1005664,"4-Fluoroanisole",590,9566,"110000001010000000000000000000",""
"product",579052,"7-AMCA for Cefpodoxime",590,9565,"001000000000000000000000000000",""
"product",568668,"Abacavir Sulfate + Lamivudine",590,9564,"100001100000000000000000000000",""
"product",558262,"Actiskenan",590,9563,"100001000010101000010000000000",""
"product",564255,"Adenosine (Adenosine)",590,9562,"110000100001100100001000010000",""
"product",1299390,"Alatab 600mg (Alpha Lipoic Acid) 30 film tablets",590,9561,"100001010010000000000010000000",""
"product",99058,"Alfacalcidol Soft Gels 0.25 mcg",590,9560,"100001010000000000000000000000",""
"product",594415,"Allylestrenol",590,9559,"101000000000000000000000000000",""
"product",1313659,"Amino Pyridines",590,9558,"110000001110010100000000000000",""
"product",534883,"Anastrozole",590,9557,"100010000000000001000000000010",""
"product",1300686,"Aprotinin",590,9556,"011011001010000001000000000100",""
"product",1235676,"Barbital Sodium",590,9555,"110100001000110010000000010000",""
"product",553425,"Beclomethasone Dipropionate",590,9554,"000000000000000000000000000000",""
"product",1257513,"Benserazide",590,9553,"101100000000000000001000000000",""
"product",1306735,"BloomseaN™ PDRN / Polydeoxyribonucleotide (Pharmaceutical Grade)",590,9552,"001010100000000000000000100000",""
"product",599323,"Brompheniramine maleate",590,9551,"101110000000000000000000100000",""
"product",23973,"Cabazitaxel Amorphous",590,9550,"100110100000000001000000000000",""
"product",576853,"Candesartan",590,9549,"011000001000000000000000000000",""
"product",1299142,"Chemistry Services",590,9548,"100100010000000000000000000000",""
"product",510893,"Cholic Acid Pharmaceutical Grade",590,9547,"111011010000010001000000100000",""
"product",987537,"Ciclopirox",590,9546,"100100100101100000000000000001",""
"product",1005358,"Cinacalcet HCl",590,9545,"100010000000000001000000000001",""
"product",86866,"Clemastine fumarate",590,9544,"001000000010000000000000000000",""
"product",535700,"Clinical supplies",590,9543,"100100110000000010100000000010",""
"product",1296634,"COSMETIC PEPTIDES",590,9542,"100110110100000010000000010001",""
"product",1292704,"Diethyl ether",590,9541,"010000000000000000000000000000",""
"product",538084,"Drug Discovery Instruments",590,9540,"000000000000000000000000000000",""
"product",1254083,"Emtricitabine",590,9539,"010001000010000000000000000100",""
"product",1307616,"Enzalutamide",590,9538,"100000100001000000000000001000",""
"product",874036,"Eplerenone",590,9537,"101111010100100000000000000000",""
"product",600101,"Fry because (gliclazide mr)",590,9536,"000001000000000000000000000000",""
"product",474206,"Fujicalin®",590,9535,"100100010000100010000000000000",""
"product",1295516,"Gemcitabine hydrochloride",590,9534,"001001000010000000000000000000",""
"product",1291445,"Guanfacine SR Tab.",590,9533,"000001000010000000000000000000",""
"product",1280066,"i Platform",590,9532,"000000000000000000000011000000",""
"product",566196,"Intermediate Manufacture",590,9531,"100000000000000000000000000000",""
"product",1307229,"Kaneka Technology and Services",590,9530,"100000100000000000000000000000",""
"product",465249,"<Well> Keishi hoelen Maru-ryo addition yi hot water extract",590,9529,"000000000000000000000000000000",""
"product",1312288,"L-Carnitine",590,9528,"110100001000000000000000000000",""
"product",1297917,"Levamisole",590,9527,"000000000010000000000000000100",""
"product",101178,"Lidocaine / Meloxiam",590,9526,"001001000000000000000000000000",""
"product",1299261,"Micafungin Sodium Injection (50mg / 100mg)",590,9525,"100011110010000000000000000100",""
"product",468997,"Microcrystalline cellulose sphere CELPHERE™",590,9524,"100000000000100000000000000000",""
"product",1288386,"Mirabegron",590,9523,"100100100000000000000000000000",""
"product",1252150,"N-Trityl-L-Tyrosin methyl ester",590,9522,"110111001000010000000000110000",""
"product",187619,"Omeprazole Pellets",590,9521,"111010001110110001000000000000",""
"product",1284769,"Poly dimethyl siloxane ( Dimethyl silicone fluid 201)",590,9520,"110000000000010100000000000000",""
"product",1304694,"Potassium Iodate",590,9519,"011000000000010000000000000000",""
"product",1304575,"Quality Compliance Services",590,9518,"100000000000000000000001000000",""
"product",60881,"Quality Tests",590,9517,"000000000000000000000000000000",""
"product",521537,"(S)-(-)-2-Methyl-2-propanesulfinamide",590,9516,"110000001100010010000000000001",""
"product",1310931,"(S)-2-(4-chlorophenyl)-3-methyl) butyric acid",590,9515,"110001010100100100001000000000",""
"product",1261473,"Solid Dose Contract Manufacturing",590,9514,"000001000001001000000000000010",""
"product",1290967,"Statins",590,9513,"100000100000100000100000000000",""
"product",1032045,"Support to accreditation of foreign manufacturers",590,9512,"000010100000000001000000000000",""
"product",956023,"Trifluorothymidine",590,9511,"111100010000000100000000000001",""
"product",517088,"(-)-4-[4-(dimethylamino) -1-(4'-fluorophenyl) -1-(hydroxybutyl) -3-(hydroxymethyl)benzonitrile. Hemi(+)-di-p-toloyltrartaric acid salt",590,9510,"010000000000010000000000000000",""
"product",517042,"((4-phenylbutyl)hydroxyphosphoryl)acetic acid",590,9509,"010000000000010000000000000000",""
"product",1252105,"?-D-Ribofuranose-1,2,3,5-Tetraacetate",590,9508,"110111001000010000000000110000",""
"product",523049,"(+)-menthadienol",590,9507,"110100001100110100000000000000",""
"product",543615,"(+) taddol",590,9506,"110100001100110100000000000000",""
"product",144889,"1,1-diphenyl ethanol",590,9505,"110100001000000000000000000000",""
"product",1310930,"1-(2,4-Dihydroxy-Phenyl)1 (4-hydro xy-phenyl)-Ethanone",590,9504,"110001010100100100001000000000",""
"product",555672,"1- (2-methoxyphenoxy) -2,3-epoxypropane. [2210-74-4]",590,9503,"011001000000000000000000000000",""
"product",999004,"1-(3-Chloropropyl)-1,3-Dihydro-2h-Benzimidazol-2-One",590,9502,"110100100001000000000000000000",""
"product",1310929,"1-(4-chlorophenyl)4,4-dimethyl-3-pentanone",590,9501,"110001010100100100001000000000",""
"product",998985,"1-Benzylpiperidine-4-Carbaldehyde",590,9500,"110100100001000000000000000000",""
"product",997293,"1-Bromo-3-Iodobenzene",590,9499,"010000000000000000000000000000",""
"product",1299250,"1-Bromo-3-Phenoxypropane",590,9498,"111000001101000100000000000000",""
"product",997163,"1-Bromo-3-Phenyl Propane",590,9497,"010000000000000000000000000000",""
"product",144819,"1-methyl-1,2,3,4-tetrazole",590,9496,"110100001000000000000000000000",""
"product",555658,"[138401-24-8]",590,9495,"011001000000000000000000000000",""
"product",521542,"(1R,2R)-1,2-Diaminocyclohexane",590,9494,"110000001100010010000000000001",""
"product",521544,"(1R,2R)-1,2-Diaminocyclohexane L-tartrate",590,9493,"110000001100010010000000000001",""
"product",67186,"2,4-dichloro benzyl chloride",590,9492,"111001000100101100000000000000",""
"product",67190,"2,4-dichloro-5-sulphonylaminobenzoicacid98.5%min",590,9491,"111001000100101100000000000000",""
"product",1005661,"2,4-Difluorobenzylamine",590,9490,"110000001010000000000000000000",""
"product",87384,"2,5-Xylidine",590,9489,"011000000000000000000000000000",""
"product",87388,"2,6-Dimethyl-Nitrobenzene",590,9488,"011000000000000000000000000000",""
"product",1290016,"2-[[2-[(6-Bromohexyl)oxy]ethoxy]methyl]-1,3-dichlorobenzene",590,9487,"111101011100000000000000000001",""
"product",1290012,"2-[(2-Ethoxyphenoxy)methyl]oxirane",590,9486,"111101011100000000000000000001",""
"product",78340,"2-chloro-5-nitroaniline",590,9485,"010000000000000000000000000000",""
"product",237752,"(2-chlorophenyl)(4-chlorophenyl)(pyrimidin-5-yl)methanol",590,9484,"110100000000100100000000000000",""
"product",238587,"(2-chlorophenyl)(4-chlorophenyl)(pyrimidin- 5-yl)methanol",590,9483,"110100000000100100000000000000",""
"product",78341,"2-cyano-4-nitroaniline",590,9482,"010000000000000000000000000000",""
"product",62080,"2-thiophen-2-yl-ethylamine",590,9481,"100100000000000000000000100000",""
"product",187795,"(2rs)-3-(10,11-dihydro-5h-dibenzo[b,f]azepin-5-yl)-n,2-dimethylpropan-1-amine hydrochloride",590,9480,"000000000000000000000000000000",""
"product",240388,"(2rs)-3-(10,11-dihydro-5h-dibenzo[b,f]azepin-5-yl)-n,n',-trimethylpropan-1-amine-n-oxide",590,9479,"000000000000000000000000000000",""
"product",700728,"(2S,3R)-2-hydroxy-3-(naphthalen-2-ylmethyl)succinic acid1",590,9478,"110100010100000010001000010010",""
"product",700726,"(2S,3S,4S,5R,6R)-6-bromotetrahydro-2H-pyran-2,3,4,5-tetrayl tetraacetate",590,9477,"110100010100000010001000010010",""
"product",1299542,"(2s, 3s, 5s)-2-(2,6-Dimethylphenoxyacetyl)Amino-3-Hydroxy-5-Amino-1",590,9476,"111000000001000000000000000000",""
"product",1299541,"(2s,3s,5s)-2-Amino-3-Hydroxy-5-Tert Butylcarbonyl Amino-1,6- Diphenyl-Hexane",590,9475,"111000000001000000000000000000",""
"product",98921,"2'-Nitroacetophenone",590,9474,"110000000100100100000000000000",""
"product",98920,"3,5-Bis(2-cyanoprop-2-yl)toluene",590,9473,"110000000100100100000000000000",""
"product",1299108,"4-CHLORO BUTYRYL  CHLORIDE",590,9472,"010000000000010000000000000000",""
"product",1005663,"4-Fluoroaniline",590,9471,"110000001010000000000000000000",""
"product",62079,"5-fluoro cytosine",590,9470,"100100000000000000000000100000",""
"product",579050,"7-ANCA for Ceftizoxime and Ceftibuten",590,9469,"001000000000000000000000000000",""
"product",579051,"7-DMT for Cefotiam",590,9468,"001000000000000000000000000000",""
"product",464518,"A to Z gold ns soft gelatin caps (15s)",590,9467,"000000000000000000000000000000",""
"product",464519,"A to Z ns drops 15ml",590,9466,"000000000000000000000000000000",""
"product",568669,"Abacavir Sulfate + Lamivudine + Zidovudine",590,9465,"100001100000000000000000000000",""
"product",568295,"Abacavir Sulphate",590,9464,"100001100000000000000000000000",""
"product",556586,"ACTIBLOK AM",590,9463,"100000100000100000100000000000",""
"product",564257,"Adenosine 5'-monophosphate, disodium salt (5'-AMP, 2Na)",590,9462,"110000100001100100001000010000",""
"product",564258,"Adenosine 5'-monophosphate, free acid (5'-AMP, free)",590,9461,"110000100001100100001000010000",""
"product",99059,"Alfacalcidol Soft Gels 0.50 mcg",590,9460,"100001010000000000000000000000",""
"product",99060,"Alfacalcidol Soft Gels 1 mcg",590,9459,"100001010000000000000000000000",""
"product",465289,"Angelica peony extract Chi-ryo",590,9458,"000000000000000000000000000000",""
"product",558243,"Antara",590,9457,"100001000010101000010000000000",""
"product",558256,"Antara",590,9456,"100001000010101000010000000000",""
"product",1004639,"Antibody Drug Conjugates",590,9455,"100100110000000010100000000010",""
"product",1267566,"Apixaban",590,9454,"100010000000000001000000000010",""
"product",1267567,"Apremilast",590,9453,"100010000000000001000000000010",""
"product",594376,"Beclometasone Dipropionate",590,9452,"101000000000000000000000000000",""
"product",1299389,"Beneday(B1/B6/B12/Thioctic acid) enteric coated tablet",590,9451,"100001010010000000000010000000",""
"product",594377,"Betamethasone",590,9450,"101000000000000000000000000000",""
"product",553422,"Betamethasone Acetate",590,9449,"000000000000000000000000000000",""
"product",553421,"Betamethasone Dipropionate",590,9448,"000000000000000000000000000000",""
"product",1306737,"BloomseaN™ PN / Polynucleotide (Pharmaceutical Grade)",590,9447,"001010100000000000000000100000",""
"product",1306738,"BloomStem™ DMEM Medium & RPMI Medium 1640",590,9446,"001010100000000000000000100000",""
"product",599338,"Bupropion hydrochloride",590,9445,"101110000000000000000000100000",""
"product",23646,"Buspirone HCI",590,9444,"101100000000000000001000000000",""
"product",1235677,"Butalbital",590,9443,"110100001000110010000000010000",""
"product",576839,"Candesartan cilexetil",590,9442,"011000001000000000000000000000",""
"product",23647,"CARBIDOPA",590,9441,"101100000000000000001000000000",""
"product",1276915,"Caspofungin Acetate",590,9440,"011011001010000001000000000100",""
"product",1306158,"Cefaclor Capsule 250mg / 500mg",590,9439,"100011110010000000000000000100",""
"product",576862,"Celecoxib",590,9438,"011000001000000000000000000000",""
"product",599328,"Cetrizine Di hydrochloride",590,9437,"101110000000000000000000100000",""
"product",1235678,"Cetylpyridinium Bromide",590,9436,"110100001000110010000000010000",""
"product",987538,"Ciclopirox Olamine",590,9435,"100100100101100000000000000001",""
"product",987539,"Ciprofibrate",590,9434,"100100100101100000000000000001",""
"product",992902,"CMC Regulatory Services",590,9433,"100100100000000000100000000010",""
"product",1296632,"CUSTOMS SYNTHESIS OF PEPTIDES",590,9432,"100110110100000010000000010001",""
"product",1313665,"Cyanation",590,9431,"110000001110010100000000000000",""
"product",510894,"Dehydrocholic Acid",590,9430,"111011010000010001000000100000",""
"product",599597,"Deloday syrup and deloday(desloratadine) film tablet",590,9429,"100001010010000000000010000000",""
"product",510895,"Deoxycholic Acid",590,9428,"111011010000010001000000100000",""
"product",1005356,"Duloxetine HCl",590,9427,"100010000000000001000000000001",""
"product",1288389,"Eltrombopag",590,9426,"100100100000000000000000000000",""
"product",972248,"Enzalutamide",590,9425,"100110100000000001000000000000",""
"product",1307615,"Epoprostenol",590,9424,"100000100001000000000000001000",""
"product",1005357,"Esomeprazole Mg",590,9423,"100010000000000001000000000001",""
"product",187622,"Esomeprazole Pellets",590,9422,"111010001110110001000000000000",""
"product",1297919,"Everolimus",590,9421,"011011001010000001000000000100",""
"product",1307614,"Fexofenadine HCl",590,9420,"100000100001000000000000001000",""
"product",1313664,"Fluorination (HF & KF)",590,9419,"110000001110010100000000000000",""
"product",86870,"Fluoxetine",590,9418,"001000000010000000000000000000",""
"product",600099,"Fu come and (repaglinide metformin)",590,9417,"000001000000000000000000000000",""
"product",600100,"Fu to di (repaglinide)",590,9416,"000001000000000000000000000000",""
"product",1292707,"Furfural",590,9415,"010000000000000000000000000000",""
"product",86857,"Gliclazide",590,9414,"001000000010000000000000000000",""
"product",101209,"Glycopyrrolate",590,9413,"001001000000000000000000000000",""
"product",538087,"Immobilised enzymes and immobilization services",590,9412,"000000000000000000000000000000",""
"product",956019,"Isoniazid",590,9411,"111100010000000100000000000001",""
"product",583829,"Lamivudine",590,9410,"010001000010000000000000000100",""
"product",1287067,"Levo Salbutamol Sulfate",590,9409,"001001000010000000000000000000",""
"product",187620,"Lithium HMDS",590,9408,"111010001110110001000000000000",""
"product",1296110,"Lithium salts",590,9407,"111000001101000100000000000000",""
"product",1291441,"Macitentan Tab.",590,9406,"000001000010000000000000000000",""
"product",1291444,"Mirabegron ER Tab.",590,9405,"000001000010000000000000000000",""
"product",474205,"Neusilin®",590,9404,"100100010000100010000000000000",""
"product",1004638,"Oligonucleotide Synthesis",590,9403,"100100110000000010100000000010",""
"product",1280065,"Omega Pen",590,9402,"000000000000000000000011000000",""
"product",1301405,"Oral technologies (softgel capsules)",590,9401,"100001100000000000000001000000",""
"product",1297915,"Orlistat",590,9400,"000000000010000000000000000100",""
"product",468987,"PC (polycarbonate)- Wonderlite&#153;",590,9399,"100000000000100000000000000000",""
"product",468974,"PE (polyethylene) - Suntec&#153;",590,9398,"100000000000100000000000000000",""
"product",566198,"Pharmaceutical Chem. Support",590,9397,"100000000000000000000000000000",""
"product",1312124,"Piracetam CEP/EP",590,9396,"110100001000000000000000000000",""
"product",538086,"Polymeric spherical beads",590,9395,"000000000000000000000000000000",""
"product",1304692,"Potassium Iodide",590,9394,"011000000000010000000000000000",""
"product",566194,"Process R&D",590,9393,"100000000000000000000000000000",""
"product",1252039,"( R)-(3-(3-Fluoro-4-morpholinophenyl)-2-oxo-5-oxazolidinyl)methylmethane sulfonate",590,9392,"110111001000010000000000110000",""
"product",956047,"(R)-3-Quinuclidinol",590,9391,"111100010000000100000000000001",""
"product",972249,"Regorafenib",590,9390,"100110100000000001000000000000",""
"product",1008037,"Relugolix",590,9389,"101111010100100000000000000000",""
"product",1287066,"Salbutamol Sulphate",590,9388,"001001000010000000000000000000",""
"product",1288392,"Saxagliptin",590,9387,"100100100000000000000000000000",""
"product",1008036,"Semaglutide",590,9386,"101111010100100000000000000000",""
"product",1297914,"Semaglutide",590,9385,"000000000010000000000000000100",""
"product",1299144,"Small molecule API development",590,9384,"100100010000000000000000000000",""
"product",1299143,"Small molecule API manufacturing",590,9383,"100100010000000000000000000000",""
"product",1299260,"Sodium Hyaluronate Injection (20mg/1mL ; 25mg/2.5mL ; 60mg/3mL)",590,9382,"100011110010000000000000000100",""
"product",182106,"Stand bag formulation",590,9381,"100000010000000000000000000000",""
"product",182128,"Sustained release capsules",590,9380,"100000010000000000000000000000",""
"product",101200,"Tamsulosin/ Silodosin",590,9379,"001001000000000000000000000000",""
"product",1254082,"Tenofovir Alafenamide Fumarate（TAF）",590,9378,"010001000010000000000000000100",""
"product",1292706,"TERT-BUTYLISOCYANATE",590,9377,"010000000000000000000000000000",""
"product",1290966,"Trastuzumab",590,9376,"100000100000100000100000000000",""
"product",1304695,"Trimethylsulfoxonium Iodide",590,9375,"011000000000010000000000000000",""
"product",1032040,"Update information of Japanese generic API market",590,9374,"000010100000000001000000000000",""
"product",60879,"Various Pharmaceutical Registrations",590,9373,"000000000000000000000000000000",""
"product",465306,"<Well> Yi hot water extract",590,9372,"000000000000000000000000000000",""
