company_name,show_name,booth_no
Alembic Pharmaceuticals Limited,Ingredients,3D-35
Alivus Lifesciences Limited,Outsourcing,1B-34
ALKALI METALS LTD,Ingredients,1G-34
Alkem Activa,Ingredients,2C-30
Almac,Outsourcing,1E-10
Almelo Private Limited,Ingredients,2A-45
"Alps Pharmaceutical Ind. Co., Ltd.",Ingredients,2H-25
Amar Impex,Ingredients,2C-34
"Amatek Chemical Co., Ltd.",Ingredients,3C-46
Ami Lifesciences Pvt Ltd,Ingredients,2E-04
AMSA,Ingredients,IT-16
"Anhui Chuangyu New Material Technology.,Ltd",Ingredients,1H-41
"Anhui Guangxin Agrochemical Co., Ltd.",Ingredients,3B-30
"Anhui Heryi Pharmaceutical Co.,Ltd",Ingredients,3C-36
"Anhui Royal Chemical Co., Ltd.",Ingredients,3A-29
Anshul Specialty Molecules Pvt Ltd,Outsourcing,1A-06
ANUH PHARMA LTD.,Ingredients,2F-45
ANUPAM RASAYAN INDIA LIMTED,Ingredients,2H-04
"Anxo Pharmaceutical Co., Ltd.",Ingredients,1E-36
"Apeloa Pharmaceutical Co.,Ltd",Ingredients,2J-08
"API Co.,Ltd.",Ingredients,3B-04
"AR BROWN Co., Ltd.",Ingredients,3F-42
ARAGEN LIFE SCIENCES,Ingredients,2C-26
Aral Research Private Limited,Outsourcing,3H-24
Ardena Holding NV,Outsourcing,1A-21
Arysta Health and Nutrition Science Corporation,Ingredients,1G-32
"Asahi Chemical Co.,Ltd.",Ingredients,2H-06
ASAHI KASEI CORPORATION,Ingredients,1H-34
"ASAHI TECHNO RESEARCH Co., LTD",Outsourcing,1B-47
"Asambly Chemicals Co., Ltd.",Ingredients,1G-46
Ascensus Specialties,Ingredients,2E-31
ASCHIMFARMA,Ingredients,IT-01
Asimov,Bio Pharma,3G-03
AstaTech (Chengdu) BioPharmaceutical Corp.,Ingredients,3C-28
"Asymchem Laboratories (Tianjin) Co., Ltd.",Outsourcing,1C-20
"ATTO CO., LTD.",Ingredients,2E-42
Aurigene Pharmaceutical Services Ltd.,Outsourcing,1D-22
"Aurisco Pharmaceutical Co., Ltd",Ingredients,2C-21
Aurobindo Pharma Japan K.K.,Ingredients,2B-04
"Autran Japan Co.,Ltd.",Ingredients,2B-42
"Avery Chemical (Nantong) Co., Ltd.",Ingredients,2K-38
"Baishixing Science and Technology Industry Co.,ltd",Bio Pharma,3F-24
"BBchem Co., Ltd.",Outsourcing,1D-31
BCN PEPTIDES,Ingredients,2D-33
BDR Pharmaceuticals Internationals Pvt. Ltd.,Ingredients,3C-42
"BEIJING HUIKANG BOYUAN CHEMICAL TECH CO., LTD.",Ingredients,3C-20
"Beijing Lianben Pharm-chemicals Tech. Co.,Ltd.",Ingredients,2J-21
"Beijing Odyssey Chemicals Co.,Ltd.",Outsourcing,1B-03
"Beijing Tide Pharmaceutical Co., Ltd.",Ingredients,3H-05
"Benepure Pharmaceutical Co., Ltd.",Ingredients,1B-04
Bio-Rad Laboratories,Bio Pharma,3F-21
BioBridge K.K.,Ingredients,3A-02
Biocon,Bio Pharma,3G-22
BIOMED INGREDIENTS PVT LTD,Ingredients,2C-22
bioMérieux Japan Ltd.,Bio Pharma,3F-30
"BIZEN CHEMICAL CO., LTD.",Ingredients,3H-08
Bloomage Biotechnology Corporation Limited,Ingredients,2E-36
Bluejet Healthcare,Outsourcing,1A-31
Bora Pharmaceuticals,Outsourcing,1D-47
"Brother Enterprises Holding Co., Ltd.",Ingredients,1H-46
BSP Pharmaceuticals spa,Outsourcing,1E-47
CADILA PHARMACEUTICALS LIMITED,Ingredients,2C-33
Cambrex,Ingredients,2B-34
"Capot Chemical Co.,Ltd.",Ingredients,2E-46
Carbogen Amcis,Outsourcing,1C-38
"Careplusone Co.,Ltd.",Ingredients,1H-10
CATO Research Chemicals Inc.,Ingredients,2C-45
"CBC CO., Ltd.",Ingredients,2K-04
CCCMHPIE,Ingredients,1F-47
"Changzhou Chongkai Chemical Co., Ltd.",Ingredients,3C-33
"Changzhou Koye Chemical Co.,Ltd",Ingredients,1J-43
"Changzhou Liren Medical Technology Co., Ltd.",Ingredients,3B-27
"Changzhou Sunlight Pharmaceutical Co., Ltd.",Ingredients,3A-17
"Changzhou United Chemical Co., Ltd.",Ingredients,3C-31
"Changzhou Yinsheng Pharmaceutical Co.,Ltd.",Ingredients,2A-02
ChemCon,Bio Pharma,3F-22
CHEMELECTIVA srl,Ingredients,IT-07
CHEMI SPA,Ingredients,IT-03
"Chemicals Evaluation and Research Institute, Japan",Outsourcing,1A-44
Chemische Fabrik Berg GmbH,Ingredients,2A-06
CHEMPLAST SANMAR LTD,Outsourcing,1D-06
CHEMPRO PHARMA,Outsourcing,1D-08
"Chemtour Biotech (Suzhou) Co.,Ltd.",Ingredients,1H-42
"Chemvon Biotechnology Co., Ltd.",Ingredients,2C-32
"Chemyouth Life Science (Suzhou)Co.,Ltd",Ingredients,1F-48
"Chengdu Aupone Pharmaceutical Co.,Ltd",Ingredients,1E-46
CHENGDU BRILLIANT PHARMACEUTICAL GROUP,Ingredients,1G-01
"Chengdu Pukang Weixin Biotechnology Co., Ltd.",Ingredients,3B-28
Chengdu Shengnuo Biopharm Co.Ltd,Ingredients,1G-06
"Chengdu Tachem Co., LTD",Bio Pharma,3G-09
"Chengdu ZY Biochemical Technology Co.,Ltd.",Bio Pharma,3F-08
Chieron Active Ingredients Pvt. Ltd.,Ingredients,3D-21
China Zhuhai Jinwan Biopharma,Ingredients,3B-32
CHIROGATE INTERNATIONAL INC.,Ingredients,1H-07
"Chiwa Co.,Ltd.",Ingredients,3E-46
"Chongqing Ensky Pharmaceutial Co.,Ltd.",Ingredients,1B-06
"Chongqing Shenghuaxi Pharmaceutical Co., Ltd.",Ingredients,3B-20
"Chongqing Southwest No.2 Pharmaceutical Factory Co., Ltd.",Ingredients,3C-34
"CHORI CO., LTD",Ingredients,1F-32
"ChromaJean Co., Ltd.",Bio Pharma,3F-03
CHUKAN BUTSU LTD.,Ingredients,3A-10
CM Plus Corporation,Bio Pharma,3E-04
Cohance Lifesciences Limited,Outsourcing,1A-27
CONCORD BIOTECH LIMITED,Outsourcing,1D-36
COSTECH Pharma Inc.,Ingredients,2F-47
CPA (Chemical Pharmaceutical Association),Ingredients,IT-01
Croda Japan K.K.,Bio Pharma,3H-29
"CSIM CO., LTD.",Outsourcing,1C-33
"CSPC PHARMACEUTICAL GROUP CO.,LTD.",Ingredients,2D-38
CURAPATH,Bio Pharma,3G-11
Curia,Ingredients,2C-10
Cyfuse Biomedical K.K.,Bio Pharma,3G-01
Daido Chemical Corporation,Ingredients,1H-38
"Daito Pharmaceutical Co., Ltd.",Ingredients,2H-10
DalChem,Ingredients,3A-10
"Department of Industrial Technology, MOEA, Taiwan",Ingredients,3H-32
"Depew Fine Chemical Co., Ltd.",Outsourcing,1G-10
DFE Pharma KK,Ingredients,1H-32
"DIJIA PHARMACEUTICAL GROUP CO., LTD",Ingredients,3C-23
DIPHARMA FRANCIS,Ingredients,IT-06
Dishman Carbogen Amcis,Outsourcing,1C-38
DKSH Japan K.K.,Ingredients,2G-04
Dr. Reddy's Laboratories Ltd.,Outsourcing,1D-22
Duoning Japan,Bio Pharma,3E-09
East Rock Union Limited,Ingredients,1H-48
"EirGenix, Inc.",Ingredients,1E-36
EMBALL`ISO Japan K.K.,Bio Pharma,3F-04
"Embassy of Italy, Tokyo - Trade Promotion Section",Ingredients,IT-01
"EOS MED CHEM CO., LTD",Ingredients,1J-45
Eqova Medicare,Ingredients,3B-41
"Erabu Japan Co.,Ltd",Bio Pharma,3H-12
ERREGIERRE SPA,Ingredients,IT-08
"ESTCHEM CO., LTD.",Ingredients,3A-01
ESTEVE CDMO,Outsourcing,1D-37
ETHYPHARM,Outsourcing,1B-52
EURO API Japan G.K.,Outsourcing,1B-22
Evaluate Japan K.K.,Bio Pharma,3H-11
EXTROVIS AG,Bio Pharma,3H-28
Fareva,Outsourcing,1A-22
"FarFavour Japan Co.,Ltd.",Ingredients,2D-41
FARMABIOS,Ingredients,IT-12
FARMAFLOR GROUP,Ingredients,IT-13
"Farmasino Pharmaceuticals (Anhui) Co., Ltd",Ingredients,3B-35
Fermion Oy,Outsourcing,1A-30
FIS,Outsourcing,1A-24
FLAMMA SPA,Ingredients,IT-20
Formosa Laboratories Japan Inc.,Ingredients,1E-36
"Formosa Laboratories, Inc.",Ingredients,1E-36
FORMULATRIX International Trading FZ-LLC,Bio Pharma,3G-05
Fuji Chemicals Ltd.,Ingredients,2A-25
Fujian Genohope Biotech Ltd.,Ingredients,3B-24
"FUJIFILM Toyama Chemical Co., Ltd.",Bio Pharma,3E-10
"FUJIMOTO CHEMICALS Co., LTD.",Ingredients,2H-23
"Fukuzyu Pharmaceutical Co.,Ltd.",Ingredients,2G-28
"FuXin Custchem Fine Chemical Co.,Ltd.",Ingredients,1E-44
"Fuxin Jintelai Fluorine Chemical Co., Ltd.",Ingredients,2J-16
GD BIOTECH Limited,Ingredients,1G-45
"Genchem & Genpham (Changzhou) Co., Ltd.",Ingredients,1J-41
Genovior Biotech Corporation,Outsourcing,1E-05
"Gensu Biotech Co., Ltd.",Bio Pharma,3F-06
GL BIOCHEM（SHANGHAI）LTD.,Bio Pharma,3E-28
"Global Information, Inc.",Bio Pharma,3H-01
"GODO SHIGEN CO.,LTD.",Ingredients,2A-42
"Guangdong Raffles PharmaTech Co., Ltd.",Bio Pharma,3G-28
"Hamari Chemicals, Ltd.",Ingredients,2F-32
"HANGZHOU INSURE CHEMICAL CO.,LTD",Ingredients,3C-19
"Hangzhou Leap Chem Co., Ltd.",Ingredients,1H-49
HANGZHOU PHARMCO CO LTD,Outsourcing,1E-35
"HANGZHOU TOMSON BIOPHARMA CO.,LTD.",Bio Pharma,3H-06
Hangzhou Verychem Science And Technology Co.Ltd.,Ingredients,2J-19
HARI ORGOCHEM PVT LTD,Ingredients,2D-27
HAS Healthcare Advanced Synthesis,Outsourcing,1B-37
"Healthytree (Hangzhou) Medical Device Co., Ltd",Ingredients,3C-18
"HEBEI DAPENG PHARM & CHEM CO., LTD",Outsourcing,1A-10
"Hebei Guangxiang Pharmaceutical Co., Ltd.",Ingredients,2J-37
Hedinger,Ingredients,1H-35
Heraeus Precious Metals,Ingredients,1H-12
Hetero Drugs Limited,Ingredients,2D-22
"HighChem Company, Ltd.",Ingredients,1E-32
HIKAL LIMITED,Ingredients,3B-08
HitGen Inc.,Bio Pharma,3E-26
Honour Lab Limited,Outsourcing,1B-41
Hovione,Outsourcing,1B-31
"Huanggang Luban Pharmaceutical Co., ltd.",Ingredients,3A-30
HUATAI BIOPHARM INC.,Ingredients,1C-07
"Hubei Gedian Humanwell Pharmaceutical Co.,ltd.",Ingredients,2K-32
"HUBEI HUIDA HIGH-TECH CO., LTD.",Ingredients,1G-44
"Hubei Tianshu Pharmaceutical Co., Ltd.",Ingredients,2K-16
"Hubei XinJing New Material Co.,LTD",Ingredients,1B-12
"Hunan Huateng Pharmaceutical Co., Ltd.",Outsourcing,1D-26
Hunan Jiudian Hongyang Pharmaceutical,Ingredients,2J-32
"Hunan Weite Pharmaceutical Co., Ltd.",Ingredients,1F-46
HYDRUS CHEMICAL INC.,Ingredients,2D-40
IBSA,Ingredients,IT-17
ICE Pharma,Outsourcing,1C-27
"Ichimaru Co., Ltd",Bio Pharma,3E-30
ICROM,Ingredients,IT-18
IDEOLON,Outsourcing,1B-28
"IL Contract Packaging Co., Ltd.",Outsourcing,1B-13
"IL Pharma Packaging Co., Ltd.",Outsourcing,1B-13
ILS Inc.,Ingredients,2H-35
IMS MICRONIZZAZIONI,Ingredients,IT-11
"Inabata & Co., Ltd.",Bio Pharma,3E-21
INDENA,Ingredients,IT-09
"INIST ST CO.,LTD",Ingredients,3D-46
International Pharmaceutical Excipients Council Japan,Ingredients,1J-29
"ISEKYU CO., LTD.",Ingredients,3D-04
ITOCHU CHEMICAL FRONTIER Corporation,Ingredients,1J-34
Japan Active Pharmaceutical Ingredient Association,Ingredients,2G-26
Japan Biological Informatics Consortium (JBIC),Bio Pharma,3G-02
JASCO Corporation,Bio Pharma,3G-30
JAY FINECHEM PRIVATE LIMITED,Ingredients,2E-28
"Jiangsu Dawning Pharmaceutical Co., Ltd.",Bio Pharma,3H-02
"Jiangsu Guotai Guomian Trading Co., Ltd.",Ingredients,2J-05
"Jiangsu Hansoh Pharmaceutical Group Co., Ltd.",Outsourcing,1J-10
"JIANGSU JIAERKE PHARMACEUTICALS GROUP CORP., LTD.",Ingredients,1H-43
"Jiangsu Qingquan Chemical Co., Ltd",Ingredients,1D-07
Jiangsu SimPros Pharmaceuticals Ltd.,Ingredients,1C-03
"JiangSu WanZhen Pharmaceutical Technology co.,ltd.",Ingredients,3C-24
JIANGSU ZENJI PHARMACEUTICALS LTD,Ingredients,3B-15
"Jiangxi Fangzun Pharmaceutical & Chemical Co., ltd",Ingredients,3B-27
"Jiangxi Guohua Pharmaceutical Technology Co., Ltd.",Ingredients,2K-27
"Jiangxi Synergy Pharmaceutical Co., Ltd.",Ingredients,2A-07
"Jiaozuo Zhongwei Special Products Pharmaceutical Co., Ltd.",Ingredients,3A-33
"Jinan Hong Sendi New Materials Co.,Ltd",Ingredients,3B-18
"JINAN MINGXIN PHARMACEUTICAL CO., LTD.",Ingredients,3B-31
"Jinan Shangbo Pharmaceutical Co., Ltd.",Ingredients,3B-19
"Jinan Wanxingda Chemical Co., Ltd.",Ingredients,3B-16
"Jinzhou Weiyuan Sanyi Technology Co., LTD.",Ingredients,1F-50
JUBILANT INGREVIA,Outsourcing,1E-26
JUZEN CHEMICAL CORPORATION,Ingredients,2H-27
"K. SAKAI & CO., LTD.",Ingredients,1J-07
KANEKA CORPORATION,Outsourcing,1D-27
"KATAYAMA SEIYAKUSYO CO., LTD.",Ingredients,2H-33
"Katsura Sangyo Co., Ltd.",Bio Pharma,3G-08
"KAWAGUCHI CHEMICAL INDUSTRY CO., LTD.",Ingredients,1J-03
"Keisho Pharmaceutical Co., Ltd.",Ingredients,3E-44
"Keylab (Jiangsu) Technology Co.,Ltd.",Ingredients,2K-35
"Kingchem (Liaoning) Life Science Co., Ltd",Ingredients,2B-06
"KNC Laboratories Co., Ltd.",Outsourcing,1F-03
"Koa Shoji Co., Ltd.",Ingredients,1F-04
"KOBE FINECHEMICAL CO.,LTD.",Ingredients,2A-02
"Kolon Life Science, Inc.",Ingredients,2B-22
Komatsu Airport Association,Bio Pharma,3E-07
"KONGO CHEMICAL CO., LTD.",Ingredients,2G-33
"Konishiyasu Co.,Ltd.",Ingredients,2E-38
Korea Pharmaceutical Traders Association (KPTA),Ingredients,TBD
"KOUGEN SANGYO CO.,LTD",Outsourcing,1A-34
"Kuraray Co.,Ltd.",Outsourcing,1A-14
"Kuryuu Bio-Pharmaceuticals Co., Ltd.",Bio Pharma,3F-25
Kyodo International Corporation,Ingredients,2B-30
"Kyongbo Pharmaceutical Co., Ltd",Ingredients,3D-31
"KYOWA PHARMA CHEMICAL CO., LTD.",Ingredients,2H-21
Labfit&Pharmapoli,Outsourcing,1B-45
LABORATORI ALCHEMIA,Ingredients,IT-04
Laksh Finechem Pvt Ltd,Ingredients,2D-29
Lianhe Aigen Pharma,Ingredients,3D-25
"LIANYUNGANG RIFENG CALCIUM&MAGNESIUM CO., LTD",Ingredients,1G-43
"LIFECOME BIOCHEMISTRY CO., LTD.",Ingredients,2B-44
Lonza,Outsourcing,1D-10
"LUNAN NEW TIME BIO-TECH CO., LTD.",Ingredients,3A-04
Lupin Manufacturing Solutions Limited,Outsourcing,1B-44
LUSOCHIMICA,Ingredients,IT-15
MANAC Incorporated,Ingredients,2G-22
Manareco Japan,Ingredients,2D-07
MAR-FARMA,Ingredients,IT-14
Marubeni Chemix Corporation,Ingredients,3C-50
"MARUZEN CHEMICALS CO., LTD.",Ingredients,2D-35
Matrix Pharmacorp Private Limited,Ingredients,2E-32
"MDL CHEMIPHARM CO.,LTD",Ingredients,2H-01
Médecins du Monde Japan,Ingredients,3D-02
MediumBank,Bio Pharma,3F-23
Metrochem API Private Limited,Ingredients,1J-48
Midas Pharma,Ingredients,2F-47
Mie Prefecture Environmental Conservation Agency,Outsourcing,1F-01
MINAKEM SAS,Ingredients,2B-10
"Mitsui Fudosan Co., Ltd.",Bio Pharma,3G-21
MOREPEN LABORATORIES LIMITED,Ingredients,2C-48
MSN LABORATORIES,Ingredients,3D-30
MUROMACHI CHEMICALS INC.,Ingredients,2F-26
"Nagase & Co., Ltd.",Ingredients,2G-36
"NAKAMURA SCIENTIFIC INSTRUMENT CO., LTD.",Ingredients,3C-47
"NAKAMURA TRADING (HONGKONG) CO., LTD",Ingredients,3D-45
"Namiki Shoji Co., Ltd.",Outsourcing,1C-41
"Nanjing Dorra Pharmaceutical Technology Co., Ltd",Outsourcing,1B-05
Nanjing Joyin Pharmachem Co. Ltd.,Ingredients,3D-04
"Nanjing Sincerity Chemical Co., Ltd",Ingredients,1H-50
NanoMicro,Ingredients,3C-17
"NANTONG ACETIC ACID CHEMICAL CO., LTD.",Ingredients,1J-01
Navin Molecular,Outsourcing,1B-33
NCK A/S,Ingredients,3A-10
"NEO CHEMICAL CO., LTD",Outsourcing,1D-32
NEOGEN CHEMICALS,Ingredients,2C-04
Neuland Laboratories K.K.,Ingredients,2G-10
NEUTEC Pharmaceutical,Ingredients,2C-35
NewAtom Labs Private Limited,Outsourcing,1A-28
NEWCHEM,Ingredients,IT-10
"Nikko Chemicals Co., Ltd.",Ingredients,1H-31
"Nikko Chemicals Co., Ltd.",Ingredients,1H-40
"NINGBO CHEMIK CO., LTD.",Ingredients,3C-30
Ningbo Fengrui Fine Chemical Ltd.,Ingredients,1F-04
"NIPPOH CHEMICALS CO., LTD.",Ingredients,2C-36
"NIPPON BULK YAKUHIN CO., LTD",Ingredients,2C-02
"Nippon Light Metal Company, Ltd.",Ingredients,2A-41
"Nippon Rika Co.,Ltd.",Ingredients,2E-35
"NIPPON SHOKUBAI CO., LTD.",Ingredients,1F-07
"NIPPON SODA CO., LTD.",Ingredients,1H-36
"NISSO SHOJI CO., LTD.",Ingredients,2D-32
NOF CORPORATION,Ingredients,2D-50
Novartis Pharma,Ingredients,2J-01
Novopor Advanced Science Private Limited,Outsourcing,1B-46
OC SPECIALITIES PVT. LTD.,Outsourcing,1B-32
Oceanic Pharmachem Pvt Ltd.,Outsourcing,3D-42
OLIC (Thailand) Limited,Outsourcing,1A-32
Olive Pharmascience LTD,Outsourcing,1D-48
"OLON S,p.A.",Ingredients,2E-33
OneSource Specialty Pharma,Outsourcing,1A-39
OPOCRIN S.P.A.,Ingredients,IT-19
OSAKA YUKA INDUSTRY LTD.,Ingredients,2G-25
OZ International Inc.,Ingredients,3B-41
Pacific Organic Pvt Ltd,Ingredients,2D-21
Patheon by Thermo Fisher Scientific,Outsourcing,1C-42
Paushak Limited,Ingredients,3D-37
"PERCHERON BIOCEUTICAL CO., LTD.",Ingredients,2D-47
Perfect Care,Ingredients,2C-09
"Pharma Planning Co., Ltd.",Ingredients,2G-32
"PharmaBlock Sciences (Nanjing), Inc.",Ingredients,1C-11
PHT,Ingredients,2C-31
PI Health Sciences Ltd.,Outsourcing,1E-04
Piramal Pharma Solutions,Outsourcing,1C-32
Porton Pharma Solutions Ltd.,Outsourcing,1B-38
PProlife Bio Chemical Industries Pvt. Ltd.,Ingredients,3A-10
Pratap Organics Pvt. Ltd.,Ingredients,1J-26
"Prince Pharmaceutical Co., Ltd.",Ingredients,1H-02
"Qi-Chem Co.,Ltd.",Ingredients,1G-41
"Qingdao Bright Moon Seaweed Group Co.,Ltd",Ingredients,2J-25
"Qingdao Kingway Pharmtech Co.,Ltd.",Ingredients,2K-21
"Qingdao Union Fine Chemical Co., Ltd.",Ingredients,3A-06
Quotient Sciences,Outsourcing,1C-31
R L FINE CHEM PVT LTD,Ingredients,3A-08
"RAPHAS JAPAN CO.,LTD.",Outsourcing,1C-50
Recipharm,Outsourcing,1B-21
REPORT OCEAN,Bio Pharma,3F-10
"Ricoh Biosciences, K.K.",Bio Pharma,3F-11
"Ricoh Company, Ltd.",Bio Pharma,3F-11
"RIVERSON & CO., LTD.",Ingredients,1J-42
Rockwood Lithium Japan K.K.,Ingredients,2A-43
SAGAR LIFE SCIENCES Pvt Ltd,Ingredients,2D-23
Sai Life Sciences,Outsourcing,1D-28
Sainor Laboratories Pvt.Ltd.,Ingredients,3F-45
Salvavidas Pharmaceutical Pvt Ltd,Ingredients,3E-42
SANTAI CORPORATION,Ingredients,2B-03
"SANYO FINE CO., LTD.",Ingredients,2G-39
SCIEX,Bio Pharma,3H-27
Scimplify Japan Inc.,Ingredients,2C-01
"ScinoPharm Taiwan, Ltd.",Ingredients,2F-07
"SEKISUI MEDICAL CO., LTD.",Ingredients,1J-22
Shandong Biocom Pharmaceutical Co. Ltd,Ingredients,1F-43
"SHANDONG BOYUAN PHARMACEUTICAL CO.,LTD.",Ingredients,1H-47
Shandong Chenghui Shuangda Pharmaceutical,Ingredients,1C-08
"SHANDONG DYCK BIOTECH CO.,LTD",Ingredients,1C-26
"Shandong Huihai Pharmaceutical and Chemical Co., Ltd.",Ingredients,1B-10
"Shandong Keyuan Pharmaceutical Co., Ltd.",Outsourcing,1A-26
"SHANDONG OUCHEM CO., LTD.",Ingredients,1H-45
"Shandong Shining Pharm Co., Ltd.",Ingredients,3C-21
Shandong Xingshun New Material Co Ltd,Ingredients,2K-31
"Shandong Yanggu Liya New Material Co., Ltd.",Ingredients,3A-22
Shanghai Chemspec Corporation,Ingredients,2B-01
"Shanghai Chenpu Biotech Co., Ltd.",Ingredients,2H-24
"Shanghai Domen International Co., Ltd.",Ingredients,1H-44
"Shanghai Eyougene Biotechnology Development Co., Ltd.",Outsourcing,1C-24
"Shanghai Fuxin Pharmaceutical Co., Ltd.",Ingredients,2J-27
"Shanghai Haoyuan Chemexpress Co., Ltd.",Ingredients,1E-42
"Shanghai Hohance Chemical Co.,Ltd.",Ingredients,1E-01
Shanghai Pharma Group Changzhou Kony Pharmaceutical,Ingredients,3B-36
"Shanghai Rui Yun Chemical Technology Co., Ltd",Ingredients,2K-19
"Shanghai Sinofluoro Chemicals Co., Ltd.",Ingredients,2G-02
"Shanghai Tajilin Industrial Co.,Ltd",Ingredients,3B-22
"Shanghai Record Pharmaceutials Co,.Ltd",Ingredients,2K-20
"Shanxi Xintianyuan Pharmaceutical Co., Ltd",Ingredients,2H-26
"Shaoxing Zejun Pharmaceuticals Co., Ltd",Ingredients,3A-20
Shenyang Photosensitive Chemical Research Institute,Ingredients,3A-36
"Shenzhen China Resources Gosun Pharmaceuticals Co., Ltd",Ingredients,3C-29
"Shenzhen JYMed Technology Co.,Ltd.",Outsourcing,1A-01
"Shijiazhuang Jirong Pharmaceutical Co.,Ltd",Ingredients,3C-22
"Shijiazhuang Lonzeal Pharmaceuticals Co., Ltd",Ingredients,3F-44
Shilpa Medicare,Ingredients,3D-36
"Shima Trading Co.,Ltd.",Ingredients,1J-37
"Shin Nippon Yakugyo Co., Ltd.",Ingredients,1F-38
"Shin-Etsu Chemical Co.,Ltd.",Ingredients,1J-35
"Shinritsu Chemical Co.,Ltd",Outsourcing,1B-26
Shiono Finesse Ltd.,Ingredients,1J-04
"Shionogi Pharma Co., Ltd.",Outsourcing,1E-20
"SHIRATORI PHARMACEUTICAL CO.,LTD.",Ingredients,2F-22
"SHOKA PHARMACY CO.,LTD.",Ingredients,2D-44
Shonan Health Innovation Park,Bio Pharma,3D-28
"SHOUGUANG FUKANG PHARMACEUTICAL CO.,LTD.",Ingredients,3C-35
"Shouguang Nuomeng Chemical Co., Ltd.",Ingredients,2K-34
SHREE GANESH REMEDIES LTD,Ingredients,1J-02
"Sichuan Elixir Pharmaceutical Co., Ltd.",Bio Pharma,3G-29
"Sichuan Qingmu Pharmaceutical Co., Ltd.",Outsourcing,1C-45
Sichuan Shifang Sangao Biochemical Industrial,Bio Pharma,3F-05
"Sichuan Tiandao Pharmaceutical Co.,Ltd",Ingredients,3B-34
"Sichuan Xieli Pharmaceutical Co., Ltd.",Ingredients,2K-17
"SINOBRIGHT IMPORT&EXPORT CO.,LTD.",Ingredients,3C-16
"Sinochem International Advanced Materials (Hebei) Co., Ltd.",Outsourcing,1B-48
SINOCHEM PHARMACEUTICAL CO LTD,Outsourcing,2B-26
Sinocompound Catalysts,Outsourcing,1B-42
"Sinoway Industrial Co., Ltd.",Ingredients,2D-34
"Sogo Pharmaceutical Co.,Ltd.",Ingredients,2G-37
Solara Active Pharma Sciences,Ingredients,1H-08
SOMU ORGANO-CHEM PVT. LTD.,Ingredients,2C-24
Soneas - Uquifa Group,Ingredients,2E-10
SPECTRUM INFO LLC,Ingredients,3A-10
"SPERA NEXUS, Inc",Ingredients,2F-36
"SPERA PHARMA, Inc.",Outsourcing,1A-41
"Standard Chem. & Pharm Co., Ltd.",Ingredients,2A-10
Sterling Pharma Solutions,Outsourcing,1D-35
Sumitomo Corporation,Ingredients,2F-04
Summit Pharmaceuticals International Corporation,Ingredients,2F-04
"SUNCHEM CO., LTD.",Outsourcing,1A-03
"SunFlare Co.,Ltd.",Outsourcing,1A-43
Supriya Lifescience Ltd.,Outsourcing,1A-04
"SUZHOU EVERFORTUNE CO., LTD.",Ingredients,1C-05
"Suzhou Highfine Biotech Co., Ltd",Ingredients,2J-23
Swati Spentose Pvt Ltd,Ingredients,2F-25
Symbiotec Pharmalab Pvt. Ltd,Ingredients,2A-08
Syngene International Ltd,Outsourcing,1G-36
SynSmart Rasayan Research Pvt Ltd,Outsourcing,1D-46
SYNTHIMED LABS,Ingredients,3C-41
"Taihei Chemical Industrial Co., Ltd.",Ingredients,3J-37
Taiwan Pharmaceutical Alliance,Ingredients,2J-04
TAPI Japan Ltd.,Ingredients,2D-04
"Tateyama Kasei Co.,Ltd.",Ingredients,1G-04
TCG LIFESCIENCES PRIVATE LIMITED,Outsourcing,1C-25
Testo K.K.,Bio Pharma,3E-27
The Chemical Society of Japan,Ingredients,3C-49
Thermo Fisher Scientific,Bio Pharma,3F-12
TIANJIN FOREVER RICH SCIENCE & TECHNOLOGY,Ingredients,3B-29
"TOKIWA PHYTOCHEMICAL CO.,LTD.",Outsourcing,3C-10
"Topharman Shanghai Co., Ltd.",Ingredients,2J-18
"TOSCO CO., LTD.",Ingredients,1F-02
"TOYOCHEM CO.,LTD",Bio Pharma,3H-22
TRIFARMA,Ingredients,IT-05
"Trustchem Co., Ltd.",Ingredients,2K-37
TSK Laboratory International Japan k. k.,Bio Pharma,3F-09
UAB INKOM EUROPE,Bio Pharma,3G-04
UBE Corporation,Ingredients,2E-22
Unchained Labs,Bio Pharma,3G-12
Usino Company Limited,Ingredients,2B-28
"Valiant Co., Ltd",Ingredients,1G-42
Veranova,Outsourcing,3B-03
"Wai Fat Pharma. Co., Ltd. (HK)",Ingredients,2B-46
"Watahan Trading Co., Ltd.",Ingredients,1C-46
"WATANABE CHEMICAL INDUSTRIES, LTD.",Outsourcing,1B-47
"Weifang Shengtai Medicine Co.,Ltd",Ingredients,2J-29
"Weihai CanRong Import & Export Co.,Ltd.",Ingredients,2D-42
"Weihai Hanmi Biochem Co., Ltd.",Ingredients,2K-36
"WEIHAI HOPING INDUSTRY CO., LTD.",Ingredients,2H-36
Whale Corporation,Bio Pharma,3E-08
Willowood Chemicals Ltd,Outsourcing,1B-25
"Wisdom Pharmaceutical Co.,Ltd.",Outsourcing,1C-49
"WuXi AppTec Japan Co., Ltd.",Outsourcing,1A-07
"Wuxi Jinghai Amino Acid Co.,Ltd",Ingredients,2H-28
WuXi XDC,Outsourcing,1C-36
"Xi'an Advance Chemistry New Material Co., Ltd",Ingredients,2C-47
"Xi'an Guokang Ruijin Pharmaceutical Co.,Ltd.",Ingredients,1F-44
"Xiamen Origin Biotech Co., Ltd.",Ingredients,6F-11
"Yakuji Nippo, LTD.",Ingredients,3F-01
YAMASA CORPORATION,Ingredients,2G-27
"Yangling JITAI Pharmaceutical Co.,Ltd.",Ingredients,1E-48
Yangtze River Pharmaceutical Group Sichuan Hairong,Bio Pharma,3F-26
"Yangzhou Chemical Co.,Ltd.",Outsourcing,1A-05
"YANGZHOU HENGCHUAN CHEMICAL CO.,LTD.",Outsourcing,1B-07
"Yantai Xianhua Technology Group Co., Ltd.",Ingredients,2J-20
"YMC CO., LTD.",Bio Pharma,3E-22
"YUKI GOSEI KOGYO CO., LTD.",Ingredients,2G-21
"Yung Shin Pharm. Ind. Co., Ltd.",Ingredients,2B-09
Yungjin Pharm.,Ingredients,2C-40
Yurui (Shanghai) Chemical Co. Ltd,Ingredients,3A-31
ZEON Corporation,Bio Pharma,3E-03
"Zhejiang Ausun Pharmaceutical Co., Ltd.",Ingredients,2H-20
"ZHEJIANG BAMBOO PHARMACEUTICALS CO.,LTD",Ingredients,1E-50
"Zhejiang East-Asia Pharmaceutical Co.,Ltd.",Ingredients,3B-23
"Zhejiang Eazy PharmChem Co.,Ltd.",Ingredients,1H-51
"ZHEJIANG HAPPY CHEMICAL CO.,LTD.",Ingredients,2E-41
"Zhejiang Hengkang pharmaceutical Co., Ltd",Ingredients,2A-46
"ZHEJIANG HISOAR PHARMACEUTICAL CO.,LTD.",Ingredients,3A-16
"Zhejiang Hisun Pharmaceutical Co.,Ltd.",Outsourcing,1E-25
"ZHEJIANG HUAYI PHARMACEUTICAL CO.,LTD.",Ingredients,3C-27
"Zhejiang Jiangbei Pharmaceutical co.,Ltd.",Ingredients,3B-21
"Zhejiang Jiuzhou Pharmaceutical Co., Ltd.",Ingredients,3C-04
"Zhejiang Langhua Pharmaceutical Co., Ltd.",Ingredients,3A-28
"Zhejiang Lepu Pharmaceutical Co.,Ltd",Ingredients,1C-12
"Zhejiang Peptites Biotech Co., Ltd.",Ingredients,3C-05
"ZHEJIANG RETRON BIOTECH CO.,LTD.",Ingredients,3B-33
ZHEJIANG RUIBANG LABORATORIES,Ingredients,1F-42
"ZHEJIANG SHENZHOU PHARMACEUTICAL Co., Ltd.",Ingredients,3C-32
"Zhejiang Tianyu Pharmaceutical Co., Ltd.",Ingredients,1D-03
"Zhengzhou Freshliance Electronics Corp., Ltd.,",Outsourcing,1D-04
"Zhontong Tech Co., Ltd.",Ingredients,3A-34
"Zhuhai Rundu Pharmaceutical Co., Ltd",Ingredients,2C-23
"Zibo Qisu Environmental Protection Technology Co., Ltd.",Ingredients,2J-36
Zydus Lifesceiences Limited,Ingredients,2E-45
3xper Innoventure Limited,Outsourcing,2D-25
